last_updated_price,Price,Station,Area,Thanks
2024-06-06 00:40:43,3.89,"('Fastrip', '195 W Hermosa St & N Sweetbriar Ave')",Lindsay,"('DAVEFMCC', ' 8 hours ago')"
2024-06-06 00:40:43,3.89,"('Valero', '122 W Hermosa St & N Elmwood Ave')",Lindsay,"('DAVEFMCC', ' 8 hours ago')"
2024-06-06 00:40:43,4.09,"('Feather Falls Mini Mart', '6032 Lower Wyandotte Rd & Pano Ln')",Oroville,"('SilverFoxEZ', ' 3 hours ago')"
2024-06-06 00:40:43,4.13,"('American Gas', '9111 Citrus Ave & Fontana Ave')",Fontana,"('TovarFamily', ' 4 hours ago')"
2024-06-06 00:40:43,4.13,"('Fastrip', '1687 CA-99 & Spruce St')",Gridley,"('DragonQueen007', ' 9 hours ago')"
2024-06-06 00:40:43,4.15,"('Conserv Fuel', '9142 Citrus Ave & Fontana Ave')",Fontana,"('rrgashow', ' 8 hours ago')"
2024-06-06 00:40:43,4.19,"('FUEL UP!', '1124 E Chapman Ave & Raymond Ave')",Fullerton,"('greycherry', ' 2 hours ago')"
2024-06-06 00:40:43,4.19,"('FUEL UP!', '1021 E Shaw Ave & N First St')",Fresno - NE,"('sandyshelton71', ' 4 hours ago')"
2024-06-06 00:40:43,4.19,"('FUEL UP!', '16090 Arrow Blvd & Citrus Ave')",Fontana,"('buddy_345', ' 6 hours ago')"
2024-06-06 00:40:43,4.19,"('Foxxy Gasoline', '2620 Old 1st St & Junction Ave')",Livermore,"('Owner', ' 7 hours ago')"
2024-06-06 00:40:43,4.19,"('Fuel UP!', '4994 E Ashlan Ave & Willow Ave')",Fresno - NE,"('Owner', ' 9 hours ago')"
2024-06-06 00:40:43,4.19,"('True Turbo Top Tier Gas', '15313 Merrill Ave & Beech Ave')",Fontana,"('Loveasun', ' 9 hours ago')"
2024-06-06 00:40:43,4.25,"('Fast Stop Mini Mart #2', '3101 S Market St & Grange St')",Redding,"('AZChryss2016', ' 4 hours ago')"
2024-06-06 00:40:43,4.25,"('Patriot', '3440 S Market St near Veda St')",Redding,"('roofrayser', ' 7 hours ago')"
2024-06-06 00:40:43,4.25,"('Diamond Gas & Mart', '4904 Southfront Rd & Southfront Ln')",Livermore,"('zaakriaz123', ' 14 hours ago')"
2024-06-06 00:40:43,6.89,"('Chevron', '200 CA-62 & US-95')",Vidal Junction,"('Goetzome', ' 8 hours ago')"
2024-06-06 00:40:43,6.79,"('Chevron', '12353 Deerfield Dr & Coldstream Rd')",Truckee,"('bigbakey', ' 10 hours ago')"
2024-06-06 00:40:43,6.74,"('Mobil', '22 Vista Point Dr & Tioga Pass Rd')",Lee Vining,"('tioga1', ' 6 hours ago')"
2024-06-06 00:40:43,6.49,"('76', '10041 Donner Pass Rd & Bridge St')",Truckee,"('GrHp', ' 17 hours ago')"
2024-06-06 00:40:43,6.39,"('Beacon', '10009 Donner Pass Rd & Bridge St')",Truckee,"('GrHp', ' 17 hours ago')"
2024-06-06 00:40:43,6.29,"('Chevron', '15838 Paul Negra Rd & W Nees Ave')",Firebaugh,"('Buddy_f0w5bwgv', ' Tue 7:07 PM')"
2024-06-06 00:40:43,6.29,"('Shell', '900 Orange Ave & 9th St')",Coronado,"('2dancing', ' 8 hours ago')"
2024-06-06 00:40:43,6.27,"('Chevron', '2194 Main St & Burton Dr')",Cambria,"('NotreDameCoach', ' 1 hour ago')"
2024-06-06 00:40:43,6.25,"('Shell', '589 Main St & Kent St')",Cambria,"('NotreDameCoach', ' 1 hour ago')"
2024-06-06 00:40:43,6.23,"('Chevron', '2817 Honolulu Ave & La Crescenta Ave')",Verdugo City,"('sclement', ' 15 hours ago')"
2024-06-06 00:40:43,6.19,"('Sinclair', '400 Orange Ave & 4th St')",Coronado,"('2dancing', ' 8 hours ago')"
2024-06-06 00:40:43,6.19,"('76', '1250 Huntington Dr & Buena Vista St')",Duarte,"('jgkurtz81', ' 7 hours ago')"
2024-06-06 00:40:43,6.19,"('ARCO', '501 Telegraph Canyon Rd & Halecrest Dr')",Chula Vista,"('#12#_waxbee', ' 7 hours ago')"
2024-06-06 00:40:43,6.19,"('Chevron', '800 5th St & Herold Pkwy')",Gonzales,"('rendahdz', ' 4 hours ago')"
2024-06-06 00:40:43,6.19,"('76', '3275 E Foothill Blvd & Sierra Madre Villa Ave')",Pasadena,"('moto04', ' 1 hour ago')"
last_updated_price,Price,Station,Area,Thanks
2024-06-06 03:42:39,3.89,"('Fastrip', '195 W Hermosa St & N Sweetbriar Ave')",Lindsay,"('DAVEFMCC', ' 11 hours ago')"
2024-06-06 03:42:39,3.89,"('Valero', '122 W Hermosa St & N Elmwood Ave')",Lindsay,"('DAVEFMCC', ' 11 hours ago')"
2024-06-06 03:42:39,4.09,"('Feather Falls Mini Mart', '6032 Lower Wyandotte Rd & Pano Ln')",Oroville,"('SilverFoxEZ', ' 6 hours ago')"
2024-06-06 03:42:39,4.13,"('American Gas', '9111 Citrus Ave & Fontana Ave')",Fontana,"('TovarFamily', ' 7 hours ago')"
2024-06-06 03:42:39,4.13,"('Fastrip', '1687 CA-99 & Spruce St')",Gridley,"('DragonQueen007', ' 12 hours ago')"
2024-06-06 03:42:39,4.15,"('Conserv Fuel', '9142 Citrus Ave & Fontana Ave')",Fontana,"('rrgashow', ' 11 hours ago')"
2024-06-06 03:42:39,4.19,"('Foxxy Gasoline', '2620 Old 1st St & Junction Ave')",Livermore,"('alvaro_77', ' 1 hour ago')"
2024-06-06 03:42:39,4.19,"('FUEL UP!', '1124 E Chapman Ave & Raymond Ave')",Fullerton,"('greycherry', ' 5 hours ago')"
2024-06-06 03:42:39,4.19,"('FUEL UP!', '1021 E Shaw Ave & N First St')",Fresno - NE,"('sandyshelton71', ' 7 hours ago')"
2024-06-06 03:42:39,4.19,"('FUEL UP!', '16090 Arrow Blvd & Citrus Ave')",Fontana,"('buddy_345', ' 9 hours ago')"
2024-06-06 03:42:39,4.19,"('Fuel UP!', '4994 E Ashlan Ave & Willow Ave')",Fresno - NE,"('Owner', ' 12 hours ago')"
2024-06-06 03:42:39,4.19,"('True Turbo Top Tier Gas', '15313 Merrill Ave & Beech Ave')",Fontana,"('Loveasun', ' 12 hours ago')"
2024-06-06 03:42:39,4.25,"('Fast Stop Mini Mart #2', '3101 S Market St & Grange St')",Redding,"('AZChryss2016', ' 7 hours ago')"
2024-06-06 03:42:39,4.25,"('Patriot', '3440 S Market St near Veda St')",Redding,"('roofrayser', ' 10 hours ago')"
2024-06-06 03:42:39,4.25,"('Diamond Gas & Mart', '4904 Southfront Rd & Southfront Ln')",Livermore,"('zaakriaz123', ' 17 hours ago')"
2024-06-06 03:42:39,6.89,"('Chevron', '200 CA-62 & US-95')",Vidal Junction,"('Goetzome', ' 11 hours ago')"
2024-06-06 03:42:39,6.79,"('Chevron', '12353 Deerfield Dr & Coldstream Rd')",Truckee,"('bigbakey', ' 13 hours ago')"
2024-06-06 03:42:39,6.74,"('Mobil', '22 Vista Point Dr & Tioga Pass Rd')",Lee Vining,"('tioga1', ' 9 hours ago')"
2024-06-06 03:42:39,6.49,"('76', '10041 Donner Pass Rd & Bridge St')",Truckee,"('GrHp', ' 20 hours ago')"
2024-06-06 03:42:39,6.39,"('Beacon', '10009 Donner Pass Rd & Bridge St')",Truckee,"('GrHp', ' 20 hours ago')"
2024-06-06 03:42:39,6.29,"('Chevron', '15838 Paul Negra Rd & W Nees Ave')",Firebaugh,"('Buddy_f0w5bwgv', ' Tue 7:07 PM')"
2024-06-06 03:42:39,6.29,"('Shell', '900 Orange Ave & 9th St')",Coronado,"('2dancing', ' 11 hours ago')"
2024-06-06 03:42:39,6.27,"('Chevron', '2194 Main St & Burton Dr')",Cambria,"('NotreDameCoach', ' 4 hours ago')"
2024-06-06 03:42:39,6.25,"('Shell', '589 Main St & Kent St')",Cambria,"('NotreDameCoach', ' 4 hours ago')"
2024-06-06 03:42:39,6.23,"('Chevron', '2817 Honolulu Ave & La Crescenta Ave')",Verdugo City,"('sclement', ' 18 hours ago')"
2024-06-06 03:42:39,6.19,"('Sinclair', '400 Orange Ave & 4th St')",Coronado,"('2dancing', ' 11 hours ago')"
2024-06-06 03:42:39,6.19,"('76', '1250 Huntington Dr & Buena Vista St')",Duarte,"('jgkurtz81', ' 10 hours ago')"
2024-06-06 03:42:39,6.19,"('ARCO', '501 Telegraph Canyon Rd & Halecrest Dr')",Chula Vista,"('#12#_waxbee', ' 10 hours ago')"
2024-06-06 03:42:39,6.19,"('Chevron', '800 5th St & Herold Pkwy')",Gonzales,"('rendahdz', ' 7 hours ago')"
2024-06-06 03:42:39,6.19,"('76', '3275 E Foothill Blvd & Sierra Madre Villa Ave')",Pasadena,"('moto04', ' 4 hours ago')"
last_updated_price,Price,Station,Area,Thanks
2024-06-06 11:39:14,3.85,"('Fastrip', '195 W Hermosa St & N Sweetbriar Ave')",Lindsay,"('Owner', ' 1 hour ago')"
2024-06-06 11:39:14,3.89,"('Valero', '122 W Hermosa St & N Elmwood Ave')",Lindsay,"('DAVEFMCC', ' 19 hours ago')"
2024-06-06 11:39:14,3.99,"('Fastrip', '1687 CA-99 & Spruce St')",Gridley,"('Owner', ' 1 hour ago')"
2024-06-06 11:39:14,4.09,"('Feather Falls Mini Mart', '6032 Lower Wyandotte Rd & Pano Ln')",Oroville,"('SilverFoxEZ', ' 14 hours ago')"
2024-06-06 11:39:14,4.13,"('American Gas', '9111 Citrus Ave & Fontana Ave')",Fontana,"('Stevie_b36', ' 1 hour ago')"
2024-06-06 11:39:14,4.15,"('Conserv Fuel', '9142 Citrus Ave & Fontana Ave')",Fontana,"('joannalbc89', ' 8 hours ago')"
2024-06-06 11:39:14,4.19,"('Fuel UP!', '4994 E Ashlan Ave & Willow Ave')",Fresno - NE,"('Owner', ' 1 hour ago')"
2024-06-06 11:39:14,4.19,"('FUEL UP!', '1021 E Shaw Ave & N First St')",Fresno - NE,"('Owner', ' 1 hour ago')"
2024-06-06 11:39:14,4.19,"('FUEL UP!', '1124 E Chapman Ave & Raymond Ave')",Fullerton,"('Owner', ' 1 hour ago')"
2024-06-06 11:39:14,4.19,"('Diamond Gas & Mart', '4904 Southfront Rd & Southfront Ln')",Livermore,"('Gasreportr', ' 1 hour ago')"
2024-06-06 11:39:14,4.19,"('FUEL UP!', '16090 Arrow Blvd & Citrus Ave')",Fontana,"('jaileenejmnz', ' 2 hours ago')"
2024-06-06 11:39:14,4.19,"('True Turbo Top Tier Gas', '15313 Merrill Ave & Beech Ave')",Fontana,"('perlster', ' 4 hours ago')"
2024-06-06 11:39:14,4.19,"('Fuel Mart', '1020 E Shaw Ave & N First St')",Fresno - NE,"('realoneMurph', ' 5 hours ago')"
2024-06-06 11:39:14,4.19,"('Foxxy Gasoline', '2620 Old 1st St & Junction Ave')",Livermore,"('alvaro_77', ' 9 hours ago')"
2024-06-06 11:39:14,4.22,"('Chukchansi Crossing', '32025 CA-41 near Lucky Ln')",Coarsegold,"('sjacobsen13', ' 1 hour ago')"
2024-06-06 11:39:14,7.19,"('Shell', '453 Main St & Twin Lakes Rd')",Bridgeport,"('Nyle_KTM', ' 4 hours ago')"
2024-06-06 11:39:14,6.89,"('Chevron', '200 CA-62 & US-95')",Vidal Junction,"('Goetzome', ' 19 hours ago')"
2024-06-06 11:39:14,6.79,"('Chevron', '12353 Deerfield Dr & Coldstream Rd')",Truckee,"('Owner', ' 1 hour ago')"
2024-06-06 11:39:14,6.74,"('Mobil', '22 Vista Point Dr & Tioga Pass Rd')",Lee Vining,"('tioga1', ' 6 hours ago')"
2024-06-06 11:39:14,6.49,"('76', '10041 Donner Pass Rd & Bridge St')",Truckee,"('Owner', ' 1 hour ago')"
2024-06-06 11:39:14,6.39,"('Beacon', '10009 Donner Pass Rd & Bridge St')",Truckee,"('GrHp', ' 28 hours ago')"
2024-06-06 11:39:14,6.29,"('Shell', '900 Orange Ave & 9th St')",Coronado,"('2dancing', ' 19 hours ago')"
2024-06-06 11:39:14,6.27,"('Chevron', '2194 Main St & Burton Dr')",Cambria,"('NotreDameCoach', ' 12 hours ago')"
2024-06-06 11:39:14,6.25,"('Shell', '589 Main St & Kent St')",Cambria,"('NotreDameCoach', ' 12 hours ago')"
2024-06-06 11:39:14,6.23,"('Chevron', '2817 Honolulu Ave & La Crescenta Ave')",Verdugo City,"('sclement', ' 26 hours ago')"
2024-06-06 11:39:14,6.19,"('Chevron', '1819 Cloverfield Blvd near Michigan Ave')",Santa Monica,"('kckaren222', ' 6 hours ago')"
2024-06-06 11:39:14,6.19,"('Chevron', '3651 Lake Tahoe Blvd & Ski Run Blvd')",South Lake Tahoe,"('hooter', ' 4 hours ago')"
2024-06-06 11:39:14,6.19,"('Sinclair', '400 Orange Ave & 4th St')",Coronado,"('BrytheGuy', ' 3 hours ago')"
2024-06-06 11:39:14,6.19,"('Chevron', '800 5th St & Herold Pkwy')",Gonzales,"('rendahdz', ' 3 hours ago')"
2024-06-06 11:39:14,6.19,"('76', '1250 Huntington Dr & Buena Vista St')",Duarte,"('Socalman50', ' 1 hour ago')"
last_updated_price,Price,Station,Area,Thanks
2024-06-06 13:36:19,3.85,"('Fastrip', '195 W Hermosa St & N Sweetbriar Ave')",Lindsay,"('Owner', ' 3 hours ago')"
2024-06-06 13:36:19,3.89,"('Valero', '122 W Hermosa St & N Elmwood Ave')",Lindsay,"('DAVEFMCC', ' 21 hours ago')"
2024-06-06 13:36:19,3.99,"('Fastrip', '1687 CA-99 & Spruce St')",Gridley,"('Owner', ' 3 hours ago')"
2024-06-06 13:36:19,4.09,"('Feather Falls Mini Mart', '6032 Lower Wyandotte Rd & Pano Ln')",Oroville,"('rvolmer2', ' 1 hour ago')"
2024-06-06 13:36:19,4.13,"('Conserv Fuel', '9142 Citrus Ave & Fontana Ave')",Fontana,"('wlcrazyhorse', ' 1 hour ago')"
2024-06-06 13:36:19,4.13,"('American Gas', '9111 Citrus Ave & Fontana Ave')",Fontana,"('thuhone', ' 2 hours ago')"
2024-06-06 13:36:19,4.14,"('Vons', '1604 Foothill Blvd & The Commons at La Verne')",La Verne,"('mlacey1mlacey2', ' 1 hour ago')"
2024-06-06 13:36:19,4.19,"('Fuel UP!', '4994 E Ashlan Ave & Willow Ave')",Fresno - NE,"('Owner', ' 1 hour ago')"
2024-06-06 13:36:19,4.19,"('FUEL UP!', '1021 E Shaw Ave & N First St')",Fresno - NE,"('Owner', ' 1 hour ago')"
2024-06-06 13:36:19,4.19,"('FUEL UP!', '1124 E Chapman Ave & Raymond Ave')",Fullerton,"('Owner', ' 1 hour ago')"
2024-06-06 13:36:19,4.19,"('Fuel Mart', '1020 E Shaw Ave & N First St')",Fresno - NE,"('benjaminfresno', ' 1 hour ago')"
2024-06-06 13:36:19,4.19,"('True Turbo Top Tier Gas', '15313 Merrill Ave & Beech Ave')",Fontana,"('Jruiz1313', ' 1 hour ago')"
2024-06-06 13:36:19,4.19,"('Diamond Gas & Mart', '4904 Southfront Rd & Southfront Ln')",Livermore,"('Gasreportr', ' 4 hours ago')"
2024-06-06 13:36:19,4.19,"('FUEL UP!', '16090 Arrow Blvd & Citrus Ave')",Fontana,"('jaileenejmnz', ' 4 hours ago')"
2024-06-06 13:36:19,4.19,"('Foxxy Gasoline', '2620 Old 1st St & Junction Ave')",Livermore,"('alvaro_77', ' 11 hours ago')"
2024-06-06 13:36:19,7.19,"('Shell', '453 Main St & Twin Lakes Rd')",Bridgeport,"('Nyle_KTM', ' 6 hours ago')"
2024-06-06 13:36:19,6.89,"('Chevron', '200 CA-62 & US-95')",Vidal Junction,"('Goetzome', ' 21 hours ago')"
2024-06-06 13:36:19,6.79,"('Chevron', '12353 Deerfield Dr & Coldstream Rd')",Truckee,"('Owner', ' 4 hours ago')"
2024-06-06 13:36:19,6.74,"('Mobil', '22 Vista Point Dr & Tioga Pass Rd')",Lee Vining,"('tioga1', ' 1 hour ago')"
2024-06-06 13:36:19,6.49,"('76', '10041 Donner Pass Rd & Bridge St')",Truckee,"('Owner', ' 4 hours ago')"
2024-06-06 13:36:19,6.39,"('Beacon', '10009 Donner Pass Rd & Bridge St')",Truckee,"('GrHp', ' 30 hours ago')"
2024-06-06 13:36:19,6.29,"('Shell', '900 Orange Ave & 9th St')",Coronado,"('2dancing', ' 21 hours ago')"
2024-06-06 13:36:19,6.27,"('Chevron', '2194 Main St & Burton Dr')",Cambria,"('NotreDameCoach', ' 14 hours ago')"
2024-06-06 13:36:19,6.25,"('Shell', '589 Main St & Kent St')",Cambria,"('NotreDameCoach', ' 14 hours ago')"
2024-06-06 13:36:19,6.23,"('Chevron', '2817 Honolulu Ave & La Crescenta Ave')",Verdugo City,"('sclement', ' 28 hours ago')"
2024-06-06 13:36:19,6.19,"('Chevron', '1819 Cloverfield Blvd near Michigan Ave')",Santa Monica,"('kckaren222', ' 7 hours ago')"
2024-06-06 13:36:19,6.19,"('Chevron', '3651 Lake Tahoe Blvd & Ski Run Blvd')",South Lake Tahoe,"('hooter', ' 6 hours ago')"
2024-06-06 13:36:19,6.19,"('Sinclair', '400 Orange Ave & 4th St')",Coronado,"('BrytheGuy', ' 5 hours ago')"
2024-06-06 13:36:19,6.19,"('Chevron', '800 5th St & Herold Pkwy')",Gonzales,"('rendahdz', ' 5 hours ago')"
2024-06-06 13:36:19,6.19,"('76', '1250 Huntington Dr & Buena Vista St')",Duarte,"('Socalman50', ' 3 hours ago')"
last_updated_price,Price,Station,Area,Thanks
2024-06-06 13:38:07,3.85,"('Fastrip', '195 W Hermosa St & N Sweetbriar Ave')",Lindsay,"('Owner', ' 3 hours ago')"
2024-06-06 13:38:07,3.89,"('Valero', '122 W Hermosa St & N Elmwood Ave')",Lindsay,"('DAVEFMCC', ' 21 hours ago')"
2024-06-06 13:38:07,3.99,"('Fastrip', '1687 CA-99 & Spruce St')",Gridley,"('Owner', ' 3 hours ago')"
2024-06-06 13:38:07,4.09,"('Feather Falls Mini Mart', '6032 Lower Wyandotte Rd & Pano Ln')",Oroville,"('rvolmer2', ' 1 hour ago')"
2024-06-06 13:38:07,4.13,"('Conserv Fuel', '9142 Citrus Ave & Fontana Ave')",Fontana,"('wlcrazyhorse', ' 1 hour ago')"
2024-06-06 13:38:07,4.13,"('American Gas', '9111 Citrus Ave & Fontana Ave')",Fontana,"('thuhone', ' 2 hours ago')"
2024-06-06 13:38:07,4.14,"('Vons', '1604 Foothill Blvd & The Commons at La Verne')",La Verne,"('mlacey1mlacey2', ' 1 hour ago')"
2024-06-06 13:38:07,4.19,"('Fuel UP!', '4994 E Ashlan Ave & Willow Ave')",Fresno - NE,"('Owner', ' 1 hour ago')"
2024-06-06 13:38:07,4.19,"('FUEL UP!', '1021 E Shaw Ave & N First St')",Fresno - NE,"('Owner', ' 1 hour ago')"
2024-06-06 13:38:07,4.19,"('FUEL UP!', '1124 E Chapman Ave & Raymond Ave')",Fullerton,"('Owner', ' 1 hour ago')"
2024-06-06 13:38:07,4.19,"('Fuel Mart', '1020 E Shaw Ave & N First St')",Fresno - NE,"('benjaminfresno', ' 1 hour ago')"
2024-06-06 13:38:07,4.19,"('True Turbo Top Tier Gas', '15313 Merrill Ave & Beech Ave')",Fontana,"('Jruiz1313', ' 1 hour ago')"
2024-06-06 13:38:07,4.19,"('Diamond Gas & Mart', '4904 Southfront Rd & Southfront Ln')",Livermore,"('Gasreportr', ' 4 hours ago')"
2024-06-06 13:38:07,4.19,"('FUEL UP!', '16090 Arrow Blvd & Citrus Ave')",Fontana,"('jaileenejmnz', ' 4 hours ago')"
2024-06-06 13:38:07,4.19,"('Foxxy Gasoline', '2620 Old 1st St & Junction Ave')",Livermore,"('alvaro_77', ' 11 hours ago')"
2024-06-06 13:38:07,7.19,"('Shell', '453 Main St & Twin Lakes Rd')",Bridgeport,"('Nyle_KTM', ' 6 hours ago')"
2024-06-06 13:38:07,6.89,"('Chevron', '200 CA-62 & US-95')",Vidal Junction,"('Goetzome', ' 21 hours ago')"
2024-06-06 13:38:07,6.79,"('Chevron', '12353 Deerfield Dr & Coldstream Rd')",Truckee,"('Owner', ' 4 hours ago')"
2024-06-06 13:38:07,6.74,"('Mobil', '22 Vista Point Dr & Tioga Pass Rd')",Lee Vining,"('tioga1', ' 2 hours ago')"
2024-06-06 13:38:07,6.49,"('76', '10041 Donner Pass Rd & Bridge St')",Truckee,"('Owner', ' 4 hours ago')"
2024-06-06 13:38:07,6.39,"('Beacon', '10009 Donner Pass Rd & Bridge St')",Truckee,"('GrHp', ' 30 hours ago')"
2024-06-06 13:38:07,6.29,"('Shell', '900 Orange Ave & 9th St')",Coronado,"('2dancing', ' 21 hours ago')"
2024-06-06 13:38:07,6.27,"('Chevron', '2194 Main St & Burton Dr')",Cambria,"('NotreDameCoach', ' 14 hours ago')"
2024-06-06 13:38:07,6.25,"('Shell', '589 Main St & Kent St')",Cambria,"('NotreDameCoach', ' 14 hours ago')"
2024-06-06 13:38:07,6.23,"('Chevron', '2817 Honolulu Ave & La Crescenta Ave')",Verdugo City,"('sclement', ' 28 hours ago')"
2024-06-06 13:38:07,6.19,"('Chevron', '1819 Cloverfield Blvd near Michigan Ave')",Santa Monica,"('kckaren222', ' 7 hours ago')"
2024-06-06 13:38:07,6.19,"('Chevron', '3651 Lake Tahoe Blvd & Ski Run Blvd')",South Lake Tahoe,"('hooter', ' 6 hours ago')"
2024-06-06 13:38:07,6.19,"('Sinclair', '400 Orange Ave & 4th St')",Coronado,"('BrytheGuy', ' 5 hours ago')"
2024-06-06 13:38:07,6.19,"('Chevron', '800 5th St & Herold Pkwy')",Gonzales,"('rendahdz', ' 5 hours ago')"
2024-06-06 13:38:07,6.19,"('76', '1250 Huntington Dr & Buena Vista St')",Duarte,"('Socalman50', ' 3 hours ago')"
last_updated_price,Price,Station,Area,Thanks
2024-06-06 13:39:04,3.85,"('Fastrip', '195 W Hermosa St & N Sweetbriar Ave')",Lindsay,"('Owner', ' 3 hours ago')"
2024-06-06 13:39:04,3.89,"('Valero', '122 W Hermosa St & N Elmwood Ave')",Lindsay,"('DAVEFMCC', ' 21 hours ago')"
2024-06-06 13:39:04,3.99,"('Fastrip', '1687 CA-99 & Spruce St')",Gridley,"('Owner', ' 3 hours ago')"
2024-06-06 13:39:04,4.09,"('Feather Falls Mini Mart', '6032 Lower Wyandotte Rd & Pano Ln')",Oroville,"('rvolmer2', ' 1 hour ago')"
2024-06-06 13:39:04,4.13,"('Conserv Fuel', '9142 Citrus Ave & Fontana Ave')",Fontana,"('wlcrazyhorse', ' 1 hour ago')"
2024-06-06 13:39:04,4.13,"('American Gas', '9111 Citrus Ave & Fontana Ave')",Fontana,"('thuhone', ' 2 hours ago')"
2024-06-06 13:39:04,4.14,"('Vons', '1604 Foothill Blvd & The Commons at La Verne')",La Verne,"('mlacey1mlacey2', ' 1 hour ago')"
2024-06-06 13:39:04,4.19,"('Fuel UP!', '4994 E Ashlan Ave & Willow Ave')",Fresno - NE,"('Owner', ' 1 hour ago')"
2024-06-06 13:39:04,4.19,"('FUEL UP!', '1021 E Shaw Ave & N First St')",Fresno - NE,"('Owner', ' 1 hour ago')"
2024-06-06 13:39:04,4.19,"('FUEL UP!', '1124 E Chapman Ave & Raymond Ave')",Fullerton,"('Owner', ' 1 hour ago')"
2024-06-06 13:39:04,4.19,"('Fuel Mart', '1020 E Shaw Ave & N First St')",Fresno - NE,"('benjaminfresno', ' 1 hour ago')"
2024-06-06 13:39:04,4.19,"('True Turbo Top Tier Gas', '15313 Merrill Ave & Beech Ave')",Fontana,"('Jruiz1313', ' 1 hour ago')"
2024-06-06 13:39:04,4.19,"('Diamond Gas & Mart', '4904 Southfront Rd & Southfront Ln')",Livermore,"('Gasreportr', ' 4 hours ago')"
2024-06-06 13:39:04,4.19,"('FUEL UP!', '16090 Arrow Blvd & Citrus Ave')",Fontana,"('jaileenejmnz', ' 4 hours ago')"
2024-06-06 13:39:04,4.19,"('Foxxy Gasoline', '2620 Old 1st St & Junction Ave')",Livermore,"('alvaro_77', ' 11 hours ago')"
2024-06-06 13:39:04,7.19,"('Shell', '453 Main St & Twin Lakes Rd')",Bridgeport,"('Nyle_KTM', ' 6 hours ago')"
2024-06-06 13:39:04,6.89,"('Chevron', '200 CA-62 & US-95')",Vidal Junction,"('Goetzome', ' 21 hours ago')"
2024-06-06 13:39:04,6.79,"('Chevron', '12353 Deerfield Dr & Coldstream Rd')",Truckee,"('Owner', ' 4 hours ago')"
2024-06-06 13:39:04,6.74,"('Mobil', '22 Vista Point Dr & Tioga Pass Rd')",Lee Vining,"('tioga1', ' 2 hours ago')"
2024-06-06 13:39:04,6.49,"('76', '10041 Donner Pass Rd & Bridge St')",Truckee,"('Owner', ' 4 hours ago')"
2024-06-06 13:39:04,6.39,"('Beacon', '10009 Donner Pass Rd & Bridge St')",Truckee,"('GrHp', ' 30 hours ago')"
2024-06-06 13:39:04,6.29,"('Shell', '900 Orange Ave & 9th St')",Coronado,"('2dancing', ' 21 hours ago')"
2024-06-06 13:39:04,6.27,"('Chevron', '2194 Main St & Burton Dr')",Cambria,"('NotreDameCoach', ' 14 hours ago')"
2024-06-06 13:39:04,6.25,"('Shell', '589 Main St & Kent St')",Cambria,"('NotreDameCoach', ' 14 hours ago')"
2024-06-06 13:39:04,6.23,"('Chevron', '2817 Honolulu Ave & La Crescenta Ave')",Verdugo City,"('sclement', ' 28 hours ago')"
2024-06-06 13:39:04,6.19,"('Chevron', '1819 Cloverfield Blvd near Michigan Ave')",Santa Monica,"('kckaren222', ' 8 hours ago')"
2024-06-06 13:39:04,6.19,"('Chevron', '3651 Lake Tahoe Blvd & Ski Run Blvd')",South Lake Tahoe,"('hooter', ' 6 hours ago')"
2024-06-06 13:39:04,6.19,"('Sinclair', '400 Orange Ave & 4th St')",Coronado,"('BrytheGuy', ' 5 hours ago')"
2024-06-06 13:39:04,6.19,"('Chevron', '800 5th St & Herold Pkwy')",Gonzales,"('rendahdz', ' 5 hours ago')"
2024-06-06 13:39:04,6.19,"('76', '1250 Huntington Dr & Buena Vista St')",Duarte,"('Socalman50', ' 3 hours ago')"
last_updated_price,Price,Station,Area,Thanks
2024-06-06 13:40:03,3.85,"('Fastrip', '195 W Hermosa St & N Sweetbriar Ave')",Lindsay,"('Owner', ' 3 hours ago')"
2024-06-06 13:40:03,3.89,"('Valero', '122 W Hermosa St & N Elmwood Ave')",Lindsay,"('DAVEFMCC', ' 21 hours ago')"
2024-06-06 13:40:03,3.99,"('Fastrip', '1687 CA-99 & Spruce St')",Gridley,"('Owner', ' 3 hours ago')"
2024-06-06 13:40:03,4.09,"('Feather Falls Mini Mart', '6032 Lower Wyandotte Rd & Pano Ln')",Oroville,"('rvolmer2', ' 1 hour ago')"
2024-06-06 13:40:03,4.13,"('Conserv Fuel', '9142 Citrus Ave & Fontana Ave')",Fontana,"('wlcrazyhorse', ' 1 hour ago')"
2024-06-06 13:40:03,4.13,"('American Gas', '9111 Citrus Ave & Fontana Ave')",Fontana,"('thuhone', ' 2 hours ago')"
2024-06-06 13:40:03,4.14,"('Vons', '1604 Foothill Blvd & The Commons at La Verne')",La Verne,"('mlacey1mlacey2', ' 1 hour ago')"
2024-06-06 13:40:03,4.19,"('Fuel UP!', '4994 E Ashlan Ave & Willow Ave')",Fresno - NE,"('Owner', ' 1 hour ago')"
2024-06-06 13:40:03,4.19,"('FUEL UP!', '1021 E Shaw Ave & N First St')",Fresno - NE,"('Owner', ' 1 hour ago')"
2024-06-06 13:40:03,4.19,"('FUEL UP!', '1124 E Chapman Ave & Raymond Ave')",Fullerton,"('Owner', ' 1 hour ago')"
2024-06-06 13:40:03,4.19,"('Fuel Mart', '1020 E Shaw Ave & N First St')",Fresno - NE,"('benjaminfresno', ' 1 hour ago')"
2024-06-06 13:40:03,4.19,"('True Turbo Top Tier Gas', '15313 Merrill Ave & Beech Ave')",Fontana,"('Jruiz1313', ' 1 hour ago')"
2024-06-06 13:40:03,4.19,"('Diamond Gas & Mart', '4904 Southfront Rd & Southfront Ln')",Livermore,"('Gasreportr', ' 4 hours ago')"
2024-06-06 13:40:03,4.19,"('FUEL UP!', '16090 Arrow Blvd & Citrus Ave')",Fontana,"('jaileenejmnz', ' 4 hours ago')"
2024-06-06 13:40:03,4.19,"('Foxxy Gasoline', '2620 Old 1st St & Junction Ave')",Livermore,"('alvaro_77', ' 11 hours ago')"
2024-06-06 13:40:03,7.19,"('Shell', '453 Main St & Twin Lakes Rd')",Bridgeport,"('Nyle_KTM', ' 6 hours ago')"
2024-06-06 13:40:03,6.89,"('Chevron', '200 CA-62 & US-95')",Vidal Junction,"('Goetzome', ' 21 hours ago')"
2024-06-06 13:40:03,6.79,"('Chevron', '12353 Deerfield Dr & Coldstream Rd')",Truckee,"('Owner', ' 4 hours ago')"
2024-06-06 13:40:03,6.74,"('Mobil', '22 Vista Point Dr & Tioga Pass Rd')",Lee Vining,"('tioga1', ' 2 hours ago')"
2024-06-06 13:40:03,6.49,"('76', '10041 Donner Pass Rd & Bridge St')",Truckee,"('Owner', ' 4 hours ago')"
2024-06-06 13:40:03,6.39,"('Beacon', '10009 Donner Pass Rd & Bridge St')",Truckee,"('GrHp', ' 30 hours ago')"
2024-06-06 13:40:03,6.29,"('Shell', '900 Orange Ave & 9th St')",Coronado,"('2dancing', ' 21 hours ago')"
2024-06-06 13:40:03,6.27,"('Chevron', '2194 Main St & Burton Dr')",Cambria,"('NotreDameCoach', ' 14 hours ago')"
2024-06-06 13:40:03,6.25,"('Shell', '589 Main St & Kent St')",Cambria,"('NotreDameCoach', ' 14 hours ago')"
2024-06-06 13:40:03,6.23,"('Chevron', '2817 Honolulu Ave & La Crescenta Ave')",Verdugo City,"('sclement', ' 28 hours ago')"
2024-06-06 13:40:03,6.19,"('Chevron', '1819 Cloverfield Blvd near Michigan Ave')",Santa Monica,"('kckaren222', ' 8 hours ago')"
2024-06-06 13:40:03,6.19,"('Chevron', '3651 Lake Tahoe Blvd & Ski Run Blvd')",South Lake Tahoe,"('hooter', ' 6 hours ago')"
2024-06-06 13:40:03,6.19,"('Sinclair', '400 Orange Ave & 4th St')",Coronado,"('BrytheGuy', ' 5 hours ago')"
2024-06-06 13:40:03,6.19,"('Chevron', '800 5th St & Herold Pkwy')",Gonzales,"('rendahdz', ' 5 hours ago')"
2024-06-06 13:40:03,6.19,"('76', '1250 Huntington Dr & Buena Vista St')",Duarte,"('Socalman50', ' 3 hours ago')"
last_updated_price,Price,Station,Area,Thanks
2024-06-06 15:09:19,3.85,"('Fastrip', '195 W Hermosa St & N Sweetbriar Ave')",Lindsay,"('Owner', ' 1 hour ago')"
2024-06-06 15:09:19,3.89,"('Valero', '122 W Hermosa St & N Elmwood Ave')",Lindsay,"('DAVEFMCC', ' 22 hours ago')"
2024-06-06 15:09:19,3.99,"('Fastrip', '1687 CA-99 & Spruce St')",Gridley,"('Owner', ' 1 hour ago')"
2024-06-06 15:09:19,4.09,"('Feather Falls Mini Mart', '6032 Lower Wyandotte Rd & Pano Ln')",Oroville,"('rvolmer2', ' 3 hours ago')"
2024-06-06 15:09:19,4.13,"('Conserv Fuel', '9142 Citrus Ave & Fontana Ave')",Fontana,"('xMILAN88x', ' 2 hours ago')"
2024-06-06 15:09:19,4.13,"('American Gas', '9111 Citrus Ave & Fontana Ave')",Fontana,"('thuhone', ' 4 hours ago')"
2024-06-06 15:09:19,4.14,"('Vons', '1604 Foothill Blvd & The Commons at La Verne')",La Verne,"('mlacey1mlacey2', ' 3 hours ago')"
2024-06-06 15:09:19,4.15,"('Win-River Mini Mart', '2415 S Bonnyview Rd & Eastside Rd')",Redding,"('sdye64521', ' 1 hour ago')"
2024-06-06 15:09:19,4.19,"('Fuel UP!', '4994 E Ashlan Ave & Willow Ave')",Fresno - NE,"('Owner', ' 1 hour ago')"
2024-06-06 15:09:19,4.19,"('FUEL UP!', '1021 E Shaw Ave & N First St')",Fresno - NE,"('Owner', ' 1 hour ago')"
2024-06-06 15:09:19,4.19,"('FUEL UP!', '1124 E Chapman Ave & Raymond Ave')",Fullerton,"('Owner', ' 1 hour ago')"
2024-06-06 15:09:19,4.19,"('Fuel Mart', '1020 E Shaw Ave & N First St')",Fresno - NE,"('benjaminfresno', ' 3 hours ago')"
2024-06-06 15:09:19,4.19,"('True Turbo Top Tier Gas', '15313 Merrill Ave & Beech Ave')",Fontana,"('Jruiz1313', ' 3 hours ago')"
2024-06-06 15:09:19,4.19,"('Diamond Gas & Mart', '4904 Southfront Rd & Southfront Ln')",Livermore,"('Gasreportr', ' 5 hours ago')"
2024-06-06 15:09:19,4.19,"('FUEL UP!', '16090 Arrow Blvd & Citrus Ave')",Fontana,"('jaileenejmnz', ' 6 hours ago')"
2024-06-06 15:09:19,7.19,"('Shell', '453 Main St & Twin Lakes Rd')",Bridgeport,"('Nyle_KTM', ' 7 hours ago')"
2024-06-06 15:09:19,6.89,"('Chevron', '200 CA-62 & US-95')",Vidal Junction,"('Goetzome', ' 22 hours ago')"
2024-06-06 15:09:19,6.79,"('Chevron', '12353 Deerfield Dr & Coldstream Rd')",Truckee,"('Owner', ' 5 hours ago')"
2024-06-06 15:09:19,6.74,"('Mobil', '22 Vista Point Dr & Tioga Pass Rd')",Lee Vining,"('tioga1', ' 4 hours ago')"
2024-06-06 15:09:19,6.49,"('76', '10041 Donner Pass Rd & Bridge St')",Truckee,"('Owner', ' 5 hours ago')"
2024-06-06 15:09:19,6.39,"('Beacon', '10009 Donner Pass Rd & Bridge St')",Truckee,"('GrHp', ' 31 hours ago')"
2024-06-06 15:09:19,6.29,"('Shell', '900 Orange Ave & 9th St')",Coronado,"('2dancing', ' 22 hours ago')"
2024-06-06 15:09:19,6.27,"('Chevron', '2194 Main St & Burton Dr')",Cambria,"('NotreDameCoach', ' 16 hours ago')"
2024-06-06 15:09:19,6.25,"('Shell', '589 Main St & Kent St')",Cambria,"('NotreDameCoach', ' 16 hours ago')"
2024-06-06 15:09:19,6.23,"('Chevron', '2817 Honolulu Ave & La Crescenta Ave')",Verdugo City,"('sclement', ' 30 hours ago')"
2024-06-06 15:09:19,6.19,"('Chevron', '3651 Lake Tahoe Blvd & Ski Run Blvd')",South Lake Tahoe,"('hooter', ' 7 hours ago')"
2024-06-06 15:09:19,6.19,"('Sinclair', '400 Orange Ave & 4th St')",Coronado,"('BrytheGuy', ' 7 hours ago')"
2024-06-06 15:09:19,6.19,"('Chevron', '800 5th St & Herold Pkwy')",Gonzales,"('rendahdz', ' 7 hours ago')"
2024-06-06 15:09:19,6.19,"('76', '1250 Huntington Dr & Buena Vista St')",Duarte,"('Socalman50', ' 5 hours ago')"
2024-06-06 15:09:19,6.19,"('Mobil', '4359 Laurel Canyon Blvd & Moorpark St')",Studio City,"('Buddy_cz656dwp', ' 1 hour ago')"
last_updated_price,Price,Station,Area,Thanks
2024-06-06 15:10:04,3.85,"('Fastrip', '195 W Hermosa St & N Sweetbriar Ave')",Lindsay,"('Owner', ' 2 hours ago')"
2024-06-06 15:10:04,3.89,"('Valero', '122 W Hermosa St & N Elmwood Ave')",Lindsay,"('DAVEFMCC', ' 22 hours ago')"
2024-06-06 15:10:04,3.99,"('Fastrip', '1687 CA-99 & Spruce St')",Gridley,"('Owner', ' 2 hours ago')"
2024-06-06 15:10:04,4.09,"('Feather Falls Mini Mart', '6032 Lower Wyandotte Rd & Pano Ln')",Oroville,"('rvolmer2', ' 3 hours ago')"
2024-06-06 15:10:04,4.13,"('Conserv Fuel', '9142 Citrus Ave & Fontana Ave')",Fontana,"('xMILAN88x', ' 2 hours ago')"
2024-06-06 15:10:04,4.13,"('American Gas', '9111 Citrus Ave & Fontana Ave')",Fontana,"('thuhone', ' 4 hours ago')"
2024-06-06 15:10:04,4.14,"('Vons', '1604 Foothill Blvd & The Commons at La Verne')",La Verne,"('mlacey1mlacey2', ' 3 hours ago')"
2024-06-06 15:10:04,4.15,"('Win-River Mini Mart', '2415 S Bonnyview Rd & Eastside Rd')",Redding,"('sdye64521', ' 1 hour ago')"
2024-06-06 15:10:04,4.19,"('Day & Night', '1401 W Inyo Ave & S West St')",Tulare,"('richardrios559', ' 1 hour ago')"
2024-06-06 15:10:04,4.19,"('Fuel UP!', '4994 E Ashlan Ave & Willow Ave')",Fresno - NE,"('Owner', ' 1 hour ago')"
2024-06-06 15:10:04,4.19,"('FUEL UP!', '1021 E Shaw Ave & N First St')",Fresno - NE,"('Owner', ' 1 hour ago')"
2024-06-06 15:10:04,4.19,"('FUEL UP!', '1124 E Chapman Ave & Raymond Ave')",Fullerton,"('Owner', ' 1 hour ago')"
2024-06-06 15:10:04,4.19,"('Fuel Mart', '1020 E Shaw Ave & N First St')",Fresno - NE,"('benjaminfresno', ' 3 hours ago')"
2024-06-06 15:10:04,4.19,"('True Turbo Top Tier Gas', '15313 Merrill Ave & Beech Ave')",Fontana,"('Jruiz1313', ' 3 hours ago')"
2024-06-06 15:10:04,4.19,"('Diamond Gas & Mart', '4904 Southfront Rd & Southfront Ln')",Livermore,"('Gasreportr', ' 5 hours ago')"
2024-06-06 15:10:04,7.19,"('Shell', '453 Main St & Twin Lakes Rd')",Bridgeport,"('Nyle_KTM', ' 7 hours ago')"
2024-06-06 15:10:04,6.89,"('Chevron', '200 CA-62 & US-95')",Vidal Junction,"('Goetzome', ' 22 hours ago')"
2024-06-06 15:10:04,6.79,"('Chevron', '12353 Deerfield Dr & Coldstream Rd')",Truckee,"('Owner', ' 5 hours ago')"
2024-06-06 15:10:04,6.74,"('Mobil', '22 Vista Point Dr & Tioga Pass Rd')",Lee Vining,"('tioga1', ' 4 hours ago')"
2024-06-06 15:10:04,6.49,"('76', '10041 Donner Pass Rd & Bridge St')",Truckee,"('Owner', ' 5 hours ago')"
2024-06-06 15:10:04,6.39,"('Beacon', '10009 Donner Pass Rd & Bridge St')",Truckee,"('GrHp', ' 31 hours ago')"
2024-06-06 15:10:04,6.29,"('Shell', '900 Orange Ave & 9th St')",Coronado,"('2dancing', ' 22 hours ago')"
2024-06-06 15:10:04,6.27,"('Chevron', '2194 Main St & Burton Dr')",Cambria,"('NotreDameCoach', ' 16 hours ago')"
2024-06-06 15:10:04,6.25,"('Shell', '589 Main St & Kent St')",Cambria,"('NotreDameCoach', ' 16 hours ago')"
2024-06-06 15:10:04,6.23,"('Chevron', '2817 Honolulu Ave & La Crescenta Ave')",Verdugo City,"('sclement', ' 30 hours ago')"
2024-06-06 15:10:04,6.19,"('Chevron', '3651 Lake Tahoe Blvd & Ski Run Blvd')",South Lake Tahoe,"('hooter', ' 7 hours ago')"
2024-06-06 15:10:04,6.19,"('Sinclair', '400 Orange Ave & 4th St')",Coronado,"('BrytheGuy', ' 7 hours ago')"
2024-06-06 15:10:04,6.19,"('Chevron', '800 5th St & Herold Pkwy')",Gonzales,"('rendahdz', ' 7 hours ago')"
2024-06-06 15:10:04,6.19,"('76', '1250 Huntington Dr & Buena Vista St')",Duarte,"('Socalman50', ' 5 hours ago')"
2024-06-06 15:10:04,6.19,"('Mobil', '4359 Laurel Canyon Blvd & Moorpark St')",Studio City,"('Buddy_cz656dwp', ' 1 hour ago')"
last_updated_price,Price,Station,Area,Thanks
2024-06-06 15:30:05,3.85,"('Fastrip', '195 W Hermosa St & N Sweetbriar Ave')",Lindsay,"('Buddy_cmz60ruz', ' 1 hour ago')"
2024-06-06 15:30:05,3.89,"('Valero', '122 W Hermosa St & N Elmwood Ave')",Lindsay,"('DAVEFMCC', ' 23 hours ago')"
2024-06-06 15:30:05,3.99,"('Fastrip', '1687 CA-99 & Spruce St')",Gridley,"('Owner', ' 2 hours ago')"
2024-06-06 15:30:05,4.09,"('Feather Falls Mini Mart', '6032 Lower Wyandotte Rd & Pano Ln')",Oroville,"('rvolmer2', ' 3 hours ago')"
2024-06-06 15:30:05,4.13,"('Conserv Fuel', '9142 Citrus Ave & Fontana Ave')",Fontana,"('xMILAN88x', ' 3 hours ago')"
2024-06-06 15:30:05,4.13,"('American Gas', '9111 Citrus Ave & Fontana Ave')",Fontana,"('thuhone', ' 4 hours ago')"
2024-06-06 15:30:05,4.14,"('Vons', '1604 Foothill Blvd & The Commons at La Verne')",La Verne,"('mlacey1mlacey2', ' 3 hours ago')"
2024-06-06 15:30:05,4.15,"('Win-River Mini Mart', '2415 S Bonnyview Rd & Eastside Rd')",Redding,"('sdye64521', ' 1 hour ago')"
2024-06-06 15:30:05,4.19,"('Day & Night', '1401 W Inyo Ave & S West St')",Tulare,"('richardrios559', ' 1 hour ago')"
2024-06-06 15:30:05,4.19,"('Fuel UP!', '4994 E Ashlan Ave & Willow Ave')",Fresno - NE,"('Owner', ' 1 hour ago')"
2024-06-06 15:30:05,4.19,"('FUEL UP!', '1021 E Shaw Ave & N First St')",Fresno - NE,"('Owner', ' 1 hour ago')"
2024-06-06 15:30:05,4.19,"('FUEL UP!', '1124 E Chapman Ave & Raymond Ave')",Fullerton,"('Owner', ' 1 hour ago')"
2024-06-06 15:30:05,4.19,"('Fuel Mart', '1020 E Shaw Ave & N First St')",Fresno - NE,"('benjaminfresno', ' 3 hours ago')"
2024-06-06 15:30:05,4.19,"('True Turbo Top Tier Gas', '15313 Merrill Ave & Beech Ave')",Fontana,"('Jruiz1313', ' 4 hours ago')"
2024-06-06 15:30:05,4.19,"('Diamond Gas & Mart', '4904 Southfront Rd & Southfront Ln')",Livermore,"('Gasreportr', ' 5 hours ago')"
2024-06-06 15:30:05,7.19,"('Shell', '453 Main St & Twin Lakes Rd')",Bridgeport,"('Nyle_KTM', ' 8 hours ago')"
2024-06-06 15:30:05,6.89,"('Chevron', '200 CA-62 & US-95')",Vidal Junction,"('Goetzome', ' 23 hours ago')"
2024-06-06 15:30:05,6.79,"('Chevron', '12353 Deerfield Dr & Coldstream Rd')",Truckee,"('Owner', ' 6 hours ago')"
2024-06-06 15:30:05,6.74,"('Mobil', '22 Vista Point Dr & Tioga Pass Rd')",Lee Vining,"('tioga1', ' 4 hours ago')"
2024-06-06 15:30:05,6.49,"('76', '10041 Donner Pass Rd & Bridge St')",Truckee,"('Owner', ' 6 hours ago')"
2024-06-06 15:30:05,6.39,"('Beacon', '10009 Donner Pass Rd & Bridge St')",Truckee,"('GrHp', ' 32 hours ago')"
2024-06-06 15:30:05,6.29,"('Shell', '900 Orange Ave & 9th St')",Coronado,"('2dancing', ' 23 hours ago')"
2024-06-06 15:30:05,6.27,"('Chevron', '2194 Main St & Burton Dr')",Cambria,"('NotreDameCoach', ' 16 hours ago')"
2024-06-06 15:30:05,6.25,"('Shell', '589 Main St & Kent St')",Cambria,"('NotreDameCoach', ' 16 hours ago')"
2024-06-06 15:30:05,6.23,"('Chevron', '2817 Honolulu Ave & La Crescenta Ave')",Verdugo City,"('sclement', ' 30 hours ago')"
2024-06-06 15:30:05,6.19,"('Chevron', '3651 Lake Tahoe Blvd & Ski Run Blvd')",South Lake Tahoe,"('hooter', ' 8 hours ago')"
2024-06-06 15:30:05,6.19,"('Sinclair', '400 Orange Ave & 4th St')",Coronado,"('BrytheGuy', ' 7 hours ago')"
2024-06-06 15:30:05,6.19,"('Chevron', '800 5th St & Herold Pkwy')",Gonzales,"('rendahdz', ' 7 hours ago')"
2024-06-06 15:30:05,6.19,"('76', '1250 Huntington Dr & Buena Vista St')",Duarte,"('Socalman50', ' 5 hours ago')"
2024-06-06 15:30:05,6.19,"('Mobil', '4359 Laurel Canyon Blvd & Moorpark St')",Studio City,"('Buddy_cz656dwp', ' 1 hour ago')"
last_updated_price,Price,Station,Area,Thanks
2024-06-06 21:00:20,3.85,"('Fastrip', '195 W Hermosa St & N Sweetbriar Ave')",Lindsay,"('Buddy_cmz60ruz', ' 7 hours ago')"
2024-06-06 21:00:20,3.89,"('Valero', '122 W Hermosa St & N Elmwood Ave')",Lindsay,"('DAVEFMCC', ' 28 hours ago')"
2024-06-06 21:00:20,3.99,"('Fastrip', '1687 CA-99 & Spruce St')",Gridley,"('Owner', ' 8 hours ago')"
2024-06-06 21:00:20,4.09,"('Feather Falls Mini Mart', '6032 Lower Wyandotte Rd & Pano Ln')",Oroville,"('rvolmer2', ' 9 hours ago')"
2024-06-06 21:00:20,4.13,"('American Gas', '9111 Citrus Ave & Fontana Ave')",Fontana,"('luisg1965', ' 2 hours ago')"
2024-06-06 21:00:20,4.13,"('Conserv Fuel', '9142 Citrus Ave & Fontana Ave')",Fontana,"('Stevie_b36', ' 3 hours ago')"
2024-06-06 21:00:20,4.14,"('Vons', '1604 Foothill Blvd & The Commons at La Verne')",La Verne,"('mlacey1mlacey2', ' 8 hours ago')"
2024-06-06 21:00:20,4.15,"('Win-River Mini Mart', '2415 S Bonnyview Rd & Eastside Rd')",Redding,"('sdye64521', ' 7 hours ago')"
2024-06-06 21:00:20,4.19,"('Diamond Gas & Mart', '4904 Southfront Rd & Southfront Ln')",Livermore,"('zaakriaz123', ' 3 hours ago')"
2024-06-06 21:00:20,4.19,"('Fuel UP!', '4994 E Ashlan Ave & Willow Ave')",Fresno - NE,"('1awesomebowler', ' 3 hours ago')"
2024-06-06 21:00:20,4.19,"('FUEL UP!', '1021 E Shaw Ave & N First St')",Fresno - NE,"('1awesomebowler', ' 4 hours ago')"
2024-06-06 21:00:20,4.19,"('Fuel Mart', '1020 E Shaw Ave & N First St')",Fresno - NE,"('1awesomebowler', ' 4 hours ago')"
2024-06-06 21:00:20,4.19,"('FUEL UP!', '1124 E Chapman Ave & Raymond Ave')",Fullerton,"('Owner', ' 6 hours ago')"
2024-06-06 21:00:20,4.19,"('Foxxy Gasoline', '2620 Old 1st St & Junction Ave')",Livermore,"('cmiles66', ' 6 hours ago')"
2024-06-06 21:00:20,4.19,"('Day & Night', '1401 W Inyo Ave & S West St')",Tulare,"('richardrios559', ' 7 hours ago')"
2024-06-06 21:00:20,7.23,"('Chevron', '51557 US-395 & 1st St')",Lee Vining,"('Suzzoom', ' 4 hours ago')"
2024-06-06 21:00:20,7.19,"('Shell', '453 Main St & Twin Lakes Rd')",Bridgeport,"('Suzzoom', ' 5 hours ago')"
2024-06-06 21:00:20,7.15,"('Valero', '377 Main St near Twin Lakes Rd')",Bridgeport,"('Suzzoom', ' 5 hours ago')"
2024-06-06 21:00:20,6.89,"('Chevron', '200 CA-62 & US-95')",Vidal Junction,"('Goetzome', ' 28 hours ago')"
2024-06-06 21:00:20,6.79,"('Chevron', '12353 Deerfield Dr & Coldstream Rd')",Truckee,"('Owner', ' 11 hours ago')"
2024-06-06 21:00:20,6.74,"('Mobil', '22 Vista Point Dr & Tioga Pass Rd')",Lee Vining,"('tioga1', ' 5 hours ago')"
2024-06-06 21:00:20,6.49,"('76', '10041 Donner Pass Rd & Bridge St')",Truckee,"('Owner', ' 11 hours ago')"
2024-06-06 21:00:20,6.29,"('Shell', '900 Orange Ave & 9th St')",Coronado,"('2dancing', ' 28 hours ago')"
2024-06-06 21:00:20,6.27,"('Chevron', '2194 Main St & Burton Dr')",Cambria,"('NotreDameCoach', ' 22 hours ago')"
2024-06-06 21:00:20,6.25,"('Shell', '589 Main St & Kent St')",Cambria,"('BrianBubonic', ' 5 hours ago')"
2024-06-06 21:00:20,6.19,"('Chevron', '3651 Lake Tahoe Blvd & Ski Run Blvd')",South Lake Tahoe,"('hooter', ' 13 hours ago')"
2024-06-06 21:00:20,6.19,"('Sinclair', '400 Orange Ave & 4th St')",Coronado,"('BrytheGuy', ' 12 hours ago')"
2024-06-06 21:00:20,6.19,"('Chevron', '800 5th St & Herold Pkwy')",Gonzales,"('rendahdz', ' 12 hours ago')"
2024-06-06 21:00:20,6.19,"('Mobil', '4359 Laurel Canyon Blvd & Moorpark St')",Studio City,"('Buddy_cz656dwp', ' 7 hours ago')"
2024-06-06 21:00:20,6.19,"('76', '1250 Huntington Dr & Buena Vista St')",Duarte,"('Socalman50', ' 3 hours ago')"
last_updated_price,Price,Station,Area,Thanks
2024-06-07 12:00:29,3.85,"('Fastrip', '195 W Hermosa St & N Sweetbriar Ave')",Lindsay,"('Buddy_cmz60ruz', ' 22 hours ago')"
2024-06-07 12:00:29,3.99,"('Fastrip', '1687 CA-99 & Spruce St')",Gridley,"('Ixidorim', ' 11 hours ago')"
2024-06-07 12:00:29,4.09,"('Feather Falls Mini Mart', '6032 Lower Wyandotte Rd & Pano Ln')",Oroville,"('dl_mccurdy', ' 2 hours ago')"
2024-06-07 12:00:29,4.13,"('Conserv Fuel', '9142 Citrus Ave & Fontana Ave')",Fontana,"('Sandyhuntsman', ' 11 hours ago')"
2024-06-07 12:00:29,4.13,"('American Gas', '9111 Citrus Ave & Fontana Ave')",Fontana,"('becerralino', ' 16 hours ago')"
2024-06-07 12:00:29,4.14,"('Vons', '1604 Foothill Blvd & The Commons at La Verne')",La Verne,"('nnaccara123', ' 1 hour ago')"
2024-06-07 12:00:29,4.15,"('Win-River Mini Mart', '2415 S Bonnyview Rd & Eastside Rd')",Redding,"('sdye64521', ' 22 hours ago')"
2024-06-07 12:00:29,4.19,"('FUEL UP!', '16090 Arrow Blvd & Citrus Ave')",Fontana,"('Owner', ' 1 hour ago')"
2024-06-07 12:00:29,4.19,"('FUEL UP!', '1124 E Chapman Ave & Raymond Ave')",Fullerton,"('Owner', ' 1 hour ago')"
2024-06-07 12:00:29,4.19,"('Fuel UP!', '4994 E Ashlan Ave & Willow Ave')",Fresno - NE,"('Owner', ' 1 hour ago')"
2024-06-07 12:00:29,4.19,"('Foxxy Gasoline', '2620 Old 1st St & Junction Ave')",Livermore,"('Jerseyboy5150', ' 4 hours ago')"
2024-06-07 12:00:29,4.19,"('FUEL UP!', '1021 E Shaw Ave & N First St')",Fresno - NE,"('kailua_boy76', ' 5 hours ago')"
2024-06-07 12:00:29,4.19,"('Fuel Mart', '1020 E Shaw Ave & N First St')",Fresno - NE,"('kailua_boy76', ' 5 hours ago')"
2024-06-07 12:00:29,4.19,"('Diamond Gas & Mart', '4904 Southfront Rd & Southfront Ln')",Livermore,"('Buddy_7wbngaw5', ' 16 hours ago')"
2024-06-07 12:00:29,4.19,"('Day & Night', '1401 W Inyo Ave & S West St')",Tulare,"('richardrios559', ' 22 hours ago')"
2024-06-07 12:00:29,7.23,"('Chevron', '51557 US-395 & 1st St')",Lee Vining,"('Suzzoom', ' 19 hours ago')"
2024-06-07 12:00:29,7.19,"('Shell', '453 Main St & Twin Lakes Rd')",Bridgeport,"('Suzzoom', ' 20 hours ago')"
2024-06-07 12:00:29,7.15,"('Valero', '377 Main St near Twin Lakes Rd')",Bridgeport,"('Suzzoom', ' 20 hours ago')"
2024-06-07 12:00:29,6.79,"('Chevron', '12353 Deerfield Dr & Coldstream Rd')",Truckee,"('Owner', ' 26 hours ago')"
2024-06-07 12:00:29,6.74,"('Mobil', '22 Vista Point Dr & Tioga Pass Rd')",Lee Vining,"('tioga1', ' 6 hours ago')"
2024-06-07 12:00:29,6.49,"('76', '10041 Donner Pass Rd & Bridge St')",Truckee,"('GrHp', ' 4 hours ago')"
2024-06-07 12:00:29,6.39,"('Beacon', '10009 Donner Pass Rd & Bridge St')",Truckee,"('GrHp', ' 4 hours ago')"
2024-06-07 12:00:29,6.29,"('Shell', '900 Orange Ave & 9th St')",Coronado,"('phillyeagles1', ' 13 hours ago')"
2024-06-07 12:00:29,6.27,"('Chevron', '2194 Main St & Burton Dr')",Cambria,"('NotreDameCoach', ' 13 hours ago')"
2024-06-07 12:00:29,6.25,"('Shell', '589 Main St & Kent St')",Cambria,"('NotreDameCoach', ' 13 hours ago')"
2024-06-07 12:00:29,6.23,"('Chevron', '2817 Honolulu Ave & La Crescenta Ave')",Verdugo City,"('GregG3421', ' 3 hours ago')"
2024-06-07 12:00:29,6.19,"('Chevron', '800 5th St & Herold Pkwy')",Gonzales,"('rendahdz', ' 14 hours ago')"
2024-06-07 12:00:29,6.19,"('76', '3275 E Foothill Blvd & Sierra Madre Villa Ave')",Pasadena,"('moto04', ' 12 hours ago')"
2024-06-07 12:00:29,6.19,"('ARCO', '501 Telegraph Canyon Rd & Halecrest Dr')",Chula Vista,"('#12#_waxbee', ' 5 hours ago')"
2024-06-07 12:00:29,6.19,"('Pine Valley Store', '28820 Old Hwy 80 & Pine Valley Rd')",Pine Valley,"('mkssl06', ' 1 hour ago')"
last_updated_price,Price,Station,Area,Thanks
2024-06-07 17:00:33,3.83,"('Fastrip', '195 W Hermosa St & N Sweetbriar Ave')",Lindsay,"('BBLDrizzy559', ' 3 hours ago')"
2024-06-07 17:00:33,3.99,"('Fastrip', '1687 CA-99 & Spruce St')",Gridley,"('debijromero', ' 1 hour ago')"
2024-06-07 17:00:33,4.09,"('Feather Falls Mini Mart', '6032 Lower Wyandotte Rd & Pano Ln')",Oroville,"('debijromero', ' 1 hour ago')"
2024-06-07 17:00:33,4.09,"('Foxxy Gasoline', '2620 Old 1st St & Junction Ave')",Livermore,"('gas_fan_bay', ' 1 hour ago')"
2024-06-07 17:00:33,4.09,"('Day & Night', '1401 W Inyo Ave & S West St')",Tulare,"('peterkeeib1978', ' 1 hour ago')"
2024-06-07 17:00:33,4.11,"('Diamond Gas & Mart', '4904 Southfront Rd & Southfront Ln')",Livermore,"('Owner', ' 1 hour ago')"
2024-06-07 17:00:33,4.13,"('American Gas', '9111 Citrus Ave & Fontana Ave')",Fontana,"('n3wakko', ' 4 hours ago')"
2024-06-07 17:00:33,4.14,"('Vons', '1604 Foothill Blvd & The Commons at La Verne')",La Verne,"('nnaccara123', ' 7 hours ago')"
2024-06-07 17:00:33,4.19,"('FUEL UP!', '1124 E Chapman Ave & Raymond Ave')",Fullerton,"('Owner', ' 1 hour ago')"
2024-06-07 17:00:33,4.19,"('FUEL UP!', '16090 Arrow Blvd & Citrus Ave')",Fontana,"('Owner', ' 1 hour ago')"
2024-06-07 17:00:33,4.19,"('Star Gas', '43411 Grimmer Blvd & Yellowstone Park Dr')",Fremont,"('Owner', ' 1 hour ago')"
2024-06-07 17:00:33,4.19,"('Fuel UP!', '4994 E Ashlan Ave & Willow Ave')",Fresno - NE,"('Owner', ' 1 hour ago')"
2024-06-07 17:00:33,4.19,"('FUEL UP!', '1021 E Shaw Ave & N First St')",Fresno - NE,"('Owner', ' 1 hour ago')"
2024-06-07 17:00:33,4.19,"('Fuel Mart', '1020 E Shaw Ave & N First St')",Fresno - NE,"('rabbitruns', ' 1 hour ago')"
2024-06-07 17:00:33,4.19,"('SMP', '1133 E Commonwealth Ave & Raymond Ave')",Fullerton,"('nader101010', ' 1 hour ago')"
2024-06-07 17:00:33,7.23,"('Chevron', '51557 US-395 & 1st St')",Lee Vining,"('Suzzoom', ' 24 hours ago')"
2024-06-07 17:00:33,7.19,"('Shell', '453 Main St & Twin Lakes Rd')",Bridgeport,"('Suzzoom', ' 25 hours ago')"
2024-06-07 17:00:33,7.15,"('Valero', '377 Main St near Twin Lakes Rd')",Bridgeport,"('Suzzoom', ' 25 hours ago')"
2024-06-07 17:00:33,6.79,"('Chevron', '12353 Deerfield Dr & Coldstream Rd')",Truckee,"('Owner', ' 1 hour ago')"
2024-06-07 17:00:33,6.74,"('Mobil', '22 Vista Point Dr & Tioga Pass Rd')",Lee Vining,"('tioga1', ' 4 hours ago')"
2024-06-07 17:00:33,6.49,"('76', '10041 Donner Pass Rd & Bridge St')",Truckee,"('Owner', ' 1 hour ago')"
2024-06-07 17:00:33,6.49,"('Fast Lane', '11991 CA-267 near Brockway Rd')",Truckee,"('DataFeed', ' 1 hour ago')"
2024-06-07 17:00:33,6.39,"('Beacon', '10009 Donner Pass Rd & Bridge St')",Truckee,"('GrHp', ' 9 hours ago')"
2024-06-07 17:00:33,6.29,"('Shell', '900 Orange Ave & 9th St')",Coronado,"('phillyeagles1', ' 18 hours ago')"
2024-06-07 17:00:33,6.27,"('Chevron', '2194 Main St & Burton Dr')",Cambria,"('NotreDameCoach', ' 18 hours ago')"
2024-06-07 17:00:33,6.27,"('Chevron', '605 Bell St & Augusta St')",Los Alamos,"('Buddy_51awmmk6', ' 1 hour ago')"
2024-06-07 17:00:33,6.25,"('Shell', '589 Main St & Kent St')",Cambria,"('NotreDameCoach', ' 18 hours ago')"
2024-06-07 17:00:33,6.23,"('Chevron', '2817 Honolulu Ave & La Crescenta Ave')",Verdugo City,"('GregG3421', ' 8 hours ago')"
2024-06-07 17:00:33,6.19,"('Shell', '27800 Dorris Dr & Carmel Valley Rd')",Carmel Valley,"('tjneu', ' 3 hours ago')"
2024-06-07 17:00:33,6.19,"('ARCO', '501 Telegraph Canyon Rd & Halecrest Dr')",Chula Vista,"('RebIT2015', ' 2 hours ago')"
last_updated_price,Price,Station,Area,Thanks
2024-06-07 21:00:25,3.83,"('Fastrip', '195 W Hermosa St & N Sweetbriar Ave')",Lindsay,"('BBLDrizzy559', ' 7 hours ago')"
2024-06-07 21:00:25,3.99,"('Fastrip', '1687 CA-99 & Spruce St')",Gridley,"('debijromero', ' 5 hours ago')"
2024-06-07 21:00:25,4.07,"('Diamond Gas & Mart', '4904 Southfront Rd & Southfront Ln')",Livermore,"('Owner', ' 1 hour ago')"
2024-06-07 21:00:25,4.09,"('Feather Falls Mini Mart', '6032 Lower Wyandotte Rd & Pano Ln')",Oroville,"('Monkeykitty', ' 1 hour ago')"
2024-06-07 21:00:25,4.09,"('Day & Night', '1401 W Inyo Ave & S West St')",Tulare,"('JTB559', ' 4 hours ago')"
2024-06-07 21:00:25,4.09,"('Foxxy Gasoline', '2620 Old 1st St & Junction Ave')",Livermore,"('gas_fan_bay', ' 5 hours ago')"
2024-06-07 21:00:25,4.13,"('American Gas', '9111 Citrus Ave & Fontana Ave')",Fontana,"('n3wakko', ' 8 hours ago')"
2024-06-07 21:00:25,4.14,"('Vons', '1604 Foothill Blvd & The Commons at La Verne')",La Verne,"('nnaccara123', ' 11 hours ago')"
2024-06-07 21:00:25,4.19,"('Conserv Fuel', '9142 Citrus Ave & Fontana Ave')",Fontana,"('Joelval1211', ' 4 hours ago')"
2024-06-07 21:00:25,4.19,"('FUEL UP!', '1124 E Chapman Ave & Raymond Ave')",Fullerton,"('tinaza_susana', ' 5 hours ago')"
2024-06-07 21:00:25,4.19,"('FUEL UP!', '16090 Arrow Blvd & Citrus Ave')",Fontana,"('Owner', ' 5 hours ago')"
2024-06-07 21:00:25,4.19,"('Star Gas', '43411 Grimmer Blvd & Yellowstone Park Dr')",Fremont,"('Owner', ' 5 hours ago')"
2024-06-07 21:00:25,4.19,"('Fuel UP!', '4994 E Ashlan Ave & Willow Ave')",Fresno - NE,"('Owner', ' 5 hours ago')"
2024-06-07 21:00:25,4.19,"('FUEL UP!', '1021 E Shaw Ave & N First St')",Fresno - NE,"('Owner', ' 5 hours ago')"
2024-06-07 21:00:25,4.19,"('Fuel Mart', '1020 E Shaw Ave & N First St')",Fresno - NE,"('rabbitruns', ' 6 hours ago')"
2024-06-07 21:00:25,7.23,"('Chevron', '51557 US-395 & 1st St')",Lee Vining,"('Suzzoom', ' 28 hours ago')"
2024-06-07 21:00:25,7.19,"('Shell', '453 Main St & Twin Lakes Rd')",Bridgeport,"('Suzzoom', ' 29 hours ago')"
2024-06-07 21:00:25,7.15,"('Valero', '377 Main St near Twin Lakes Rd')",Bridgeport,"('Suzzoom', ' 29 hours ago')"
2024-06-07 21:00:25,6.79,"('Chevron', '12353 Deerfield Dr & Coldstream Rd')",Truckee,"('Owner', ' 6 hours ago')"
2024-06-07 21:00:25,6.74,"('Mobil', '22 Vista Point Dr & Tioga Pass Rd')",Lee Vining,"('tioga1', ' 1 hour ago')"
2024-06-07 21:00:25,6.59,"('Shell', '10278 CA-89 S & Deerfield Rd')",Truckee,"('Buddy_54rerv0c', ' 3 hours ago')"
2024-06-07 21:00:25,6.49,"('76', '10041 Donner Pass Rd & Bridge St')",Truckee,"('Owner', ' 6 hours ago')"
2024-06-07 21:00:25,6.49,"('Fast Lane', '11991 CA-267 near Brockway Rd')",Truckee,"('DataFeed', ' 6 hours ago')"
2024-06-07 21:00:25,6.39,"('Beacon', '10009 Donner Pass Rd & Bridge St')",Truckee,"('GrHp', ' 13 hours ago')"
2024-06-07 21:00:25,6.29,"('Shell', '900 Orange Ave & 9th St')",Coronado,"('phillyeagles1', ' 22 hours ago')"
2024-06-07 21:00:25,6.27,"('Chevron', '2194 Main St & Burton Dr')",Cambria,"('NotreDameCoach', ' 22 hours ago')"
2024-06-07 21:00:25,6.27,"('Chevron', '605 Bell St & Augusta St')",Los Alamos,"('Buddy_51awmmk6', ' 6 hours ago')"
2024-06-07 21:00:25,6.25,"('Shell', '589 Main St & Kent St')",Cambria,"('NotreDameCoach', ' 22 hours ago')"
2024-06-07 21:00:25,6.23,"('Chevron', '2817 Honolulu Ave & La Crescenta Ave')",Verdugo City,"('GregG3421', ' 12 hours ago')"
2024-06-07 21:00:25,6.19,"('Chevron', '800 5th St & Herold Pkwy')",Gonzales,"('rendahdz', ' 1 hour ago')"
last_updated_price,Price,Station,Area,Thanks
2024-06-08 12:00:08,3.83,"('Fastrip', '195 W Hermosa St & N Sweetbriar Ave')",Lindsay,"('BBLDrizzy559', ' 22 hours ago')"
2024-06-08 12:00:08,3.89,"('Valero', '122 W Hermosa St & N Elmwood Ave')",Lindsay,"('dmed', ' 5 hours ago')"
2024-06-08 12:00:08,3.99,"('Fastrip', '1687 CA-99 & Spruce St')",Gridley,"('debijromero', ' 20 hours ago')"
2024-06-08 12:00:08,4.03,"('Diamond Gas & Mart', '4904 Southfront Rd & Southfront Ln')",Livermore,"('Owner', ' 1 hour ago')"
2024-06-08 12:00:08,4.05,"('Foxxy Gasoline', '2620 Old 1st St & Junction Ave')",Livermore,"('brccorbetts', ' 3 hours ago')"
2024-06-08 12:00:08,4.09,"('Quick N Save', '1780 N Beale Rd & Wiget Ave')",Linda,"('yclookout', ' 6 hours ago')"
2024-06-08 12:00:08,4.09,"('Feather Falls Mini Mart', '6032 Lower Wyandotte Rd & Pano Ln')",Oroville,"('joemavis76', ' 14 hours ago')"
2024-06-08 12:00:08,4.09,"('Day & Night', '1401 W Inyo Ave & S West St')",Tulare,"('JTB559', ' 19 hours ago')"
2024-06-08 12:00:08,4.13,"('American Gas', '9111 Citrus Ave & Fontana Ave')",Fontana,"('victorc7454', ' 7 hours ago')"
2024-06-08 12:00:08,4.14,"('Vons', '1604 Foothill Blvd & The Commons at La Verne')",La Verne,"('nnaccara123', ' 26 hours ago')"
2024-06-08 12:00:08,4.19,"('Star Gas', '43411 Grimmer Blvd & Yellowstone Park Dr')",Fremont,"('Zakk01', ' 1 hour ago')"
2024-06-08 12:00:08,4.19,"('FUEL UP!', '1124 E Chapman Ave & Raymond Ave')",Fullerton,"('Owner', ' 1 hour ago')"
2024-06-08 12:00:08,4.19,"('Fuel UP!', '4994 E Ashlan Ave & Willow Ave')",Fresno - NE,"('Owner', ' 1 hour ago')"
2024-06-08 12:00:08,4.19,"('FUEL UP!', '16090 Arrow Blvd & Citrus Ave')",Fontana,"('aj3751', ' 5 hours ago')"
2024-06-08 12:00:08,4.19,"('Super 7', '117 W Inyo Ave & S I St')",Tulare,"('Phantom_916', ' 6 hours ago')"
2024-06-08 12:00:08,6.79,"('Chevron', '12353 Deerfield Dr & Coldstream Rd')",Truckee,"('Owner', ' 21 hours ago')"
2024-06-08 12:00:08,6.74,"('Mobil', '22 Vista Point Dr & Tioga Pass Rd')",Lee Vining,"('tioga1', ' 3 hours ago')"
2024-06-08 12:00:08,6.59,"('Shell', '10278 CA-89 S & Deerfield Rd')",Truckee,"('Buddy_54rerv0c', ' 18 hours ago')"
2024-06-08 12:00:08,6.49,"('76', '10041 Donner Pass Rd & Bridge St')",Truckee,"('Owner', ' 21 hours ago')"
2024-06-08 12:00:08,6.49,"('Fast Lane', '11991 CA-267 near Brockway Rd')",Truckee,"('DataFeed', ' 21 hours ago')"
2024-06-08 12:00:08,6.39,"('Beacon', '10009 Donner Pass Rd & Bridge St')",Truckee,"('GrHp', ' 28 hours ago')"
2024-06-08 12:00:08,6.34,"('Chevron', '712 N CA-127 near CA-178')",Shoshone,"('djking89060', ' 3 hours ago')"
2024-06-08 12:00:08,6.29,"('Shell', '900 Orange Ave & 9th St')",Coronado,"('phillyeagles1', ' 16 hours ago')"
2024-06-08 12:00:08,6.27,"('Chevron', '605 Bell St & Augusta St')",Los Alamos,"('Buddy_51awmmk6', ' 21 hours ago')"
2024-06-08 12:00:08,6.27,"('Chevron', '2194 Main St & Burton Dr')",Cambria,"('NotreDameCoach', ' 12 hours ago')"
2024-06-08 12:00:08,6.25,"('Shell', '589 Main St & Kent St')",Cambria,"('NotreDameCoach', ' 12 hours ago')"
2024-06-08 12:00:08,6.23,"('Chevron', '2817 Honolulu Ave & La Crescenta Ave')",Verdugo City,"('GregG3421', ' 27 hours ago')"
last_updated_price,Price,Station,Area,Thanks
2024-06-08 21:00:15,3.83,"('Fastrip', '195 W Hermosa St & N Sweetbriar Ave')",Lindsay,"('oabarca1', ' 8 hours ago')"
2024-06-08 21:00:15,3.83,"('Valero', '122 W Hermosa St & N Elmwood Ave')",Lindsay,"('oabarca1', ' 8 hours ago')"
2024-06-08 21:00:15,3.99,"('Fastrip', '1687 CA-99 & Spruce St')",Gridley,"('debijromero', ' 29 hours ago')"
2024-06-08 21:00:15,4.03,"('Diamond Gas & Mart', '4904 Southfront Rd & Southfront Ln')",Livermore,"('Owner', ' 5 hours ago')"
2024-06-08 21:00:15,4.05,"('Foxxy Gasoline', '2620 Old 1st St & Junction Ave')",Livermore,"('brccorbetts', ' 12 hours ago')"
2024-06-08 21:00:15,4.09,"('Feather Falls Mini Mart', '6032 Lower Wyandotte Rd & Pano Ln')",Oroville,"('rvolmer2', ' 3 hours ago')"
2024-06-08 21:00:15,4.09,"('Day & Night', '1401 W Inyo Ave & S West St')",Tulare,"('levans123', ' 7 hours ago')"
2024-06-08 21:00:15,4.09,"('Quick N Save', '1780 N Beale Rd & Wiget Ave')",Linda,"('yclookout', ' 15 hours ago')"
2024-06-08 21:00:15,4.13,"('American Gas', '9111 Citrus Ave & Fontana Ave')",Fontana,"('LavaDog88', ' 4 hours ago')"
2024-06-08 21:00:15,4.14,"('Vons', '1604 Foothill Blvd & The Commons at La Verne')",La Verne,"('amybrat', ' 2 hours ago')"
2024-06-08 21:00:15,4.19,"('FUEL UP!', '16090 Arrow Blvd & Citrus Ave')",Fontana,"('anon_edkx6yrg', ' 3 hours ago')"
2024-06-08 21:00:15,4.19,"('FUEL UP!', '1124 E Chapman Ave & Raymond Ave')",Fullerton,"('Owner', ' 5 hours ago')"
2024-06-08 21:00:15,4.19,"('Fuel UP!', '4994 E Ashlan Ave & Willow Ave')",Fresno - NE,"('Owner', ' 5 hours ago')"
2024-06-08 21:00:15,4.19,"('True Turbo Top Tier Gas', '15313 Merrill Ave & Beech Ave')",Fontana,"('vil8tr', ' 8 hours ago')"
2024-06-08 21:00:15,4.19,"(""Bad Bud's"", '6777 N Cedar Ave & E Herndon Ave')",Fresno - North,"('Rldiaz', ' 10 hours ago')"
2024-06-08 21:00:15,6.79,"('Chevron', '12353 Deerfield Dr & Coldstream Rd')",Truckee,"('Owner', ' 30 hours ago')"
2024-06-08 21:00:15,6.74,"('Mobil', '22 Vista Point Dr & Tioga Pass Rd')",Lee Vining,"('tioga1', ' 1 hour ago')"
2024-06-08 21:00:15,6.59,"('Shell', '10278 CA-89 S & Deerfield Rd')",Truckee,"('Buddy_54rerv0c', ' 27 hours ago')"
2024-06-08 21:00:15,6.49,"('76', '10041 Donner Pass Rd & Bridge St')",Truckee,"('Owner', ' 30 hours ago')"
2024-06-08 21:00:15,6.49,"('Fast Lane', '11991 CA-267 near Brockway Rd')",Truckee,"('DataFeed', ' 30 hours ago')"
2024-06-08 21:00:15,6.34,"('Chevron', '712 N CA-127 near CA-178')",Shoshone,"('djking89060', ' 12 hours ago')"
2024-06-08 21:00:15,6.29,"('Shell', '900 Orange Ave & 9th St')",Coronado,"('bsols', ' 8 hours ago')"
2024-06-08 21:00:15,6.27,"('Chevron', '605 Bell St & Augusta St')",Los Alamos,"('Buddy_51awmmk6', ' 30 hours ago')"
2024-06-08 21:00:15,6.27,"('Chevron', '2194 Main St & Burton Dr')",Cambria,"('NotreDameCoach', ' 21 hours ago')"
2024-06-08 21:00:15,6.25,"('Shell', '589 Main St & Kent St')",Cambria,"('NotreDameCoach', ' 21 hours ago')"
2024-06-08 21:00:15,6.23,"('Chevron', '2817 Honolulu Ave & La Crescenta Ave')",Verdugo City,"('GregG3421', ' 36 hours ago')"
2024-06-08 21:00:15,6.19,"('ARCO', '501 Telegraph Canyon Rd & Halecrest Dr')",Chula Vista,"('cjdrake82', ' 5 hours ago')"
2024-06-08 21:00:15,6.19,"('Chevron', '800 5th St & Herold Pkwy')",Gonzales,"('rendahdz', ' 4 hours ago')"
2024-06-08 21:00:15,6.19,"('76', '3275 E Foothill Blvd & Sierra Madre Villa Ave')",Pasadena,"('yellowd100', ' 1 hour ago')"
last_updated_price,Price,Station,Area,Thanks
2024-06-09 15:00:26,3.83,"('Fastrip', '195 W Hermosa St & N Sweetbriar Ave')",Lindsay,"('eoandfabi', ' 7 hours ago')"
2024-06-09 15:00:26,3.83,"('Valero', '122 W Hermosa St & N Elmwood Ave')",Lindsay,"('oabarca1', ' 26 hours ago')"
2024-06-09 15:00:26,4.03,"('Diamond Gas & Mart', '4904 Southfront Rd & Southfront Ln')",Livermore,"('B_Glover14', ' 6 hours ago')"
2024-06-09 15:00:26,4.05,"('Foxxy Gasoline', '2620 Old 1st St & Junction Ave')",Livermore,"('Pauldtca', ' 9 hours ago')"
2024-06-09 15:00:26,4.09,"('Quick N Save', '1780 N Beale Rd & Wiget Ave')",Linda,"('yclookout', ' 3 hours ago')"
2024-06-09 15:00:26,4.09,"('Feather Falls Mini Mart', '6032 Lower Wyandotte Rd & Pano Ln')",Oroville,"('CrazyITGuy', ' 3 hours ago')"
2024-06-09 15:00:26,4.09,"('Day & Night', '1401 W Inyo Ave & S West St')",Tulare,"('Ballhawkin24', ' 7 hours ago')"
2024-06-09 15:00:26,4.13,"('American Gas', '9111 Citrus Ave & Fontana Ave')",Fontana,"('LavaDog88', ' 22 hours ago')"
2024-06-09 15:00:26,4.14,"('Vons', '1604 Foothill Blvd & The Commons at La Verne')",La Verne,"('amybrat', ' 20 hours ago')"
2024-06-09 15:00:26,4.15,"('Sinclair', '1101 W Commonwealth Ave & N Orange Ave')",Fullerton,"('mse777', ' 6 hours ago')"
2024-06-09 15:00:26,4.15,"('Clear Creek Market', '7036 Westside Rd & S Market St')",Redding,"('Buddy_w5f8wcdx', ' 11 hours ago')"
2024-06-09 15:00:26,4.16,"('Mono Winds Casino Fuel', '37302 Rancheria Ln near Church Rd')",Auberry,"('merooster', ' 15 hours ago')"
2024-06-09 15:00:26,4.19,"(""Bad Bud's"", '6777 N Cedar Ave & E Herndon Ave')",Fresno - North,"('Johnny6496', ' 1 hour ago')"
2024-06-09 15:00:26,4.19,"('Fuel UP!', '4994 E Ashlan Ave & Willow Ave')",Fresno - NE,"('Owner', ' 1 hour ago')"
2024-06-09 15:00:26,4.19,"('FUEL UP!', '1124 E Chapman Ave & Raymond Ave')",Fullerton,"('Owner', ' 1 hour ago')"
2024-06-09 15:00:26,6.89,"('Chevron', '200 CA-62 & US-95')",Vidal Junction,"('Goetzome', ' 2 hours ago')"
2024-06-09 15:00:26,6.74,"('Mobil', '22 Vista Point Dr & Tioga Pass Rd')",Lee Vining,"('tioga1', ' 1 hour ago')"
2024-06-09 15:00:26,6.34,"('Chevron', '712 N CA-127 near CA-178')",Shoshone,"('djking89060', ' 30 hours ago')"
2024-06-09 15:00:26,6.29,"('Shell', '900 Orange Ave & 9th St')",Coronado,"('bsols', ' 26 hours ago')"
2024-06-09 15:00:26,6.27,"('Chevron', '605 Bell St & Augusta St')",Los Alamos,"('smpeon', ' 5 hours ago')"
2024-06-09 15:00:26,6.27,"('Chevron', '2194 Main St & Burton Dr')",Cambria,"('lyons681', ' 1 hour ago')"
2024-06-09 15:00:26,6.25,"('Shell', '589 Main St & Kent St')",Cambria,"('NotreDameCoach', ' 16 hours ago')"
2024-06-09 15:00:26,6.23,"('Chevron', '2817 Honolulu Ave & La Crescenta Ave')",Verdugo City,"('novabug', ' 8 hours ago')"
2024-06-09 15:00:26,6.19,"('76', '1250 Huntington Dr & Buena Vista St')",Duarte,"('Socalman50', ' 30 hours ago')"
2024-06-09 15:00:26,6.19,"('Sinclair', '400 Orange Ave & 4th St')",Coronado,"('bsols', ' 26 hours ago')"
2024-06-09 15:00:26,6.19,"('76', '3275 E Foothill Blvd & Sierra Madre Villa Ave')",Pasadena,"('moto04', ' 16 hours ago')"
2024-06-09 15:00:26,6.19,"('Chevron', '800 5th St & Herold Pkwy')",Gonzales,"('rendahdz', ' 3 hours ago')"
2024-06-09 15:00:26,6.19,"('ARCO', '501 Telegraph Canyon Rd & Halecrest Dr')",Chula Vista,"('dpcchulavista', ' 1 hour ago')"
last_updated_price,Price,Station,Area,Thanks
2024-06-09 21:00:05,3.83,"('Fastrip', '195 W Hermosa St & N Sweetbriar Ave')",Lindsay,"('eoandfabi', ' 13 hours ago')"
2024-06-09 21:00:05,3.83,"('Valero', '122 W Hermosa St & N Elmwood Ave')",Lindsay,"('oabarca1', ' 32 hours ago')"
2024-06-09 21:00:05,4.01,"('Foxxy Gasoline', '2620 Old 1st St & Junction Ave')",Livermore,"('Owner', ' 1 hour ago')"
2024-06-09 21:00:05,4.03,"('Diamond Gas & Mart', '4904 Southfront Rd & Southfront Ln')",Livermore,"('zaakriaz123', ' 7 hours ago')"
2024-06-09 21:00:05,4.09,"('Feather Falls Mini Mart', '6032 Lower Wyandotte Rd & Pano Ln')",Oroville,"('badkitty51', ' 5 hours ago')"
2024-06-09 21:00:05,4.09,"('Quick N Save', '1780 N Beale Rd & Wiget Ave')",Linda,"('yclookout', ' 9 hours ago')"
2024-06-09 21:00:05,4.09,"('Day & Night', '1401 W Inyo Ave & S West St')",Tulare,"('Ballhawkin24', ' 13 hours ago')"
2024-06-09 21:00:05,4.13,"('Conserv Fuel', '9142 Citrus Ave & Fontana Ave')",Fontana,"('mcbolanos3', ' 5 hours ago')"
2024-06-09 21:00:05,4.13,"('American Gas', '9111 Citrus Ave & Fontana Ave')",Fontana,"('mcbolanos3', ' 5 hours ago')"
2024-06-09 21:00:05,4.14,"('Vons', '1604 Foothill Blvd & The Commons at La Verne')",La Verne,"('deedeedbrat', ' 5 hours ago')"
2024-06-09 21:00:05,4.15,"('Sinclair', '1101 W Commonwealth Ave & N Orange Ave')",Fullerton,"('mse777', ' 12 hours ago')"
2024-06-09 21:00:05,4.15,"('Clear Creek Market', '7036 Westside Rd & S Market St')",Redding,"('Buddy_w5f8wcdx', ' 17 hours ago')"
2024-06-09 21:00:05,4.16,"('Mono Winds Casino Fuel', '37302 Rancheria Ln near Church Rd')",Auberry,"('merooster', ' 21 hours ago')"
2024-06-09 21:00:05,4.19,"('True Turbo Top Tier Gas', '15313 Merrill Ave & Beech Ave')",Fontana,"('Buddy_az8k576q', ' 1 hour ago')"
2024-06-09 21:00:05,4.19,"('Super 7', '117 W Inyo Ave & S I St')",Tulare,"('Terrylhitch', ' 1 hour ago')"
2024-06-09 21:00:05,6.89,"('Chevron', '200 CA-62 & US-95')",Vidal Junction,"('Goetzome', ' 8 hours ago')"
2024-06-09 21:00:05,6.79,"('Shell', '453 Main St & Twin Lakes Rd')",Bridgeport,"('Buddy_8p6y3kah', ' 3 hours ago')"
2024-06-09 21:00:05,6.74,"('Mobil', '22 Vista Point Dr & Tioga Pass Rd')",Lee Vining,"('tioga1', ' 7 hours ago')"
2024-06-09 21:00:05,6.29,"('Shell', '900 Orange Ave & 9th St')",Coronado,"('phillyeagles1', ' 2 hours ago')"
2024-06-09 21:00:05,6.27,"('Chevron', '605 Bell St & Augusta St')",Los Alamos,"('smpeon', ' 11 hours ago')"
2024-06-09 21:00:05,6.27,"('Chevron', '2194 Main St & Burton Dr')",Cambria,"('lyons681', ' 5 hours ago')"
2024-06-09 21:00:05,6.25,"('Shell', '589 Main St & Kent St')",Cambria,"('NotreDameCoach', ' 22 hours ago')"
2024-06-09 21:00:05,6.23,"('Chevron', '2817 Honolulu Ave & La Crescenta Ave')",Verdugo City,"('novabug', ' 14 hours ago')"
2024-06-09 21:00:05,6.19,"('Chevron', '800 5th St & Herold Pkwy')",Gonzales,"('rendahdz', ' 9 hours ago')"
2024-06-09 21:00:05,6.19,"('ARCO', '501 Telegraph Canyon Rd & Halecrest Dr')",Chula Vista,"('dpcchulavista', ' 7 hours ago')"
2024-06-09 21:00:05,6.19,"('76', '49715 Gorman School Rd & Ralphs Ranch Rd')",Gorman,"('DataFeed', ' 3 hours ago')"
2024-06-09 21:00:05,6.19,"('76', '3275 E Foothill Blvd & Sierra Madre Villa Ave')",Pasadena,"('yellowd100', ' 3 hours ago')"
2024-06-09 21:00:05,6.19,"('Sinclair', '400 Orange Ave & 4th St')",Coronado,"('phillyeagles1', ' 2 hours ago')"
2024-06-09 21:00:05,6.15,"('Chevron', '2738 El Centro Rd & W El Camino Ave')",Sacramento,"('summitmax', ' 4 hours ago')"
2024-06-09 21:00:05,6.09,"('Shell', '2525 Lake Tahoe Blvd & Silver Dollar Ave')",South Lake Tahoe,"('Buddy_tu8bfzxu', ' 21 hours ago')"
last_updated_price,Price,Station,Area,Thanks
2024-06-10 12:00:28,3.83,"('Fastrip', '195 W Hermosa St & N Sweetbriar Ave')",Lindsay,"('eoandfabi', ' 28 hours ago')"
2024-06-10 12:00:28,3.95,"('Diamond Gas & Mart', '4904 Southfront Rd & Southfront Ln')",Livermore,"('dbagel', ' 1 hour ago')"
2024-06-10 12:00:28,4.01,"('Foxxy Gasoline', '2620 Old 1st St & Junction Ave')",Livermore,"('Owner', ' 1 hour ago')"
2024-06-10 12:00:28,4.09,"('Fuel UP!', '4994 E Ashlan Ave & Willow Ave')",Fresno - NE,"('Owner', ' 1 hour ago')"
2024-06-10 12:00:28,4.09,"('Star Gas', '43411 Grimmer Blvd & Yellowstone Park Dr')",Fremont,"('Owner', ' 1 hour ago')"
2024-06-10 12:00:28,4.09,"('Feather Falls Mini Mart', '6032 Lower Wyandotte Rd & Pano Ln')",Oroville,"('chuck122216', ' 3 hours ago')"
2024-06-10 12:00:28,4.09,"('Day & Night', '1401 W Inyo Ave & S West St')",Tulare,"('Buddy_mxv261j1', ' 5 hours ago')"
2024-06-10 12:00:28,4.09,"('Quick N Save', '1780 N Beale Rd & Wiget Ave')",Linda,"('yclookout', ' 7 hours ago')"
2024-06-10 12:00:28,4.13,"('American Gas', '9111 Citrus Ave & Fontana Ave')",Fontana,"('xheena', ' 8 hours ago')"
2024-06-10 12:00:28,4.14,"('Vons', '1604 Foothill Blvd & The Commons at La Verne')",La Verne,"('deedeedbrat', ' 20 hours ago')"
2024-06-10 12:00:28,4.15,"('FUEL UP!', '1124 E Chapman Ave & Raymond Ave')",Fullerton,"('CAsprinter', ' 1 hour ago')"
2024-06-10 12:00:28,4.15,"('Conserv Fuel', '9142 Citrus Ave & Fontana Ave')",Fontana,"('Buddy_nczwpmqm', ' 4 hours ago')"
2024-06-10 12:00:28,4.15,"('Clear Creek Market', '7036 Westside Rd & S Market St')",Redding,"('Buddy_w5f8wcdx', ' 32 hours ago')"
2024-06-10 12:00:28,4.18,"('Sinclair', '1101 W Commonwealth Ave & N Orange Ave')",Fullerton,"('77silverado', ' 8 hours ago')"
2024-06-10 12:00:28,4.19,"('FUEL UP!', '1021 E Shaw Ave & N First St')",Fresno - NE,"('cjmaui67', ' 2 hours ago')"
2024-06-10 12:00:28,6.89,"('Chevron', '200 CA-62 & US-95')",Vidal Junction,"('Goetzome', ' 15 hours ago')"
2024-06-10 12:00:28,6.79,"('Shell', '453 Main St & Twin Lakes Rd')",Bridgeport,"('Buddy_8p6y3kah', ' 18 hours ago')"
2024-06-10 12:00:28,6.74,"('Mobil', '22 Vista Point Dr & Tioga Pass Rd')",Lee Vining,"('tioga1', ' 6 hours ago')"
2024-06-10 12:00:28,6.29,"('Shell', '900 Orange Ave & 9th St')",Coronado,"('phillyeagles1', ' 7 hours ago')"
2024-06-10 12:00:28,6.27,"('Chevron', '605 Bell St & Augusta St')",Los Alamos,"('smpeon', ' 26 hours ago')"
2024-06-10 12:00:28,6.27,"('Chevron', '2194 Main St & Burton Dr')",Cambria,"('NotreDameCoach', ' 13 hours ago')"
2024-06-10 12:00:28,6.25,"('Shell', '589 Main St & Kent St')",Cambria,"('NotreDameCoach', ' 13 hours ago')"
2024-06-10 12:00:28,6.23,"('Chevron', '2817 Honolulu Ave & La Crescenta Ave')",Verdugo City,"('novabug', ' 29 hours ago')"
2024-06-10 12:00:28,6.19,"('Sinclair', '400 Orange Ave & 4th St')",Coronado,"('phillyeagles1', ' 17 hours ago')"
2024-06-10 12:00:28,6.19,"('76', '3275 E Foothill Blvd & Sierra Madre Villa Ave')",Pasadena,"('moto04', ' 13 hours ago')"
2024-06-10 12:00:28,6.19,"('Chevron', '800 5th St & Herold Pkwy')",Gonzales,"('rendahdz', ' 7 hours ago')"
2024-06-10 12:00:28,6.19,"('ARCO', '501 Telegraph Canyon Rd & Halecrest Dr')",Chula Vista,"('#12#_waxbee', ' 3 hours ago')"
2024-06-10 12:00:28,6.15,"('Chevron', '2738 El Centro Rd & W El Camino Ave')",Sacramento,"('summitmax', ' 19 hours ago')"
2024-06-10 12:00:28,6.09,"('76', '49715 Gorman School Rd & Ralphs Ranch Rd')",Gorman,"('zachlCA', ' 16 hours ago')"
2024-06-10 12:00:28,6.09,"('Shell', '615 Poso St & California St')",Maricopa,"('speed3chris', ' 2 hours ago')"
last_updated_price,Price,Station,Area,Thanks
2024-06-10 17:00:14,3.79,"('Fastrip', '195 W Hermosa St & N Sweetbriar Ave')",Lindsay,"('Owner', ' 2 hours ago')"
2024-06-10 17:00:14,3.85,"('Valero', '122 W Hermosa St & N Elmwood Ave')",Lindsay,"('dmed', ' 1 hour ago')"
2024-06-10 17:00:14,3.94,"('Foxxy Gasoline', '2620 Old 1st St & Junction Ave')",Livermore,"('Owner', ' 1 hour ago')"
2024-06-10 17:00:14,3.94,"('Diamond Gas & Mart', '4904 Southfront Rd & Southfront Ln')",Livermore,"('zaakriaz123', ' 3 hours ago')"
2024-06-10 17:00:14,3.99,"('Fastrip', '1687 CA-99 & Spruce St')",Gridley,"('Owner', ' 2 hours ago')"
2024-06-10 17:00:14,4.09,"('Fuel UP!', '4994 E Ashlan Ave & Willow Ave')",Fresno - NE,"('Pink_Buddy', ' 1 hour ago')"
2024-06-10 17:00:14,4.09,"('Star Gas', '43411 Grimmer Blvd & Yellowstone Park Dr')",Fremont,"('Owner', ' 1 hour ago')"
2024-06-10 17:00:14,4.09,"('Feather Falls Mini Mart', '6032 Lower Wyandotte Rd & Pano Ln')",Oroville,"('rvolmer2', ' 4 hours ago')"
2024-06-10 17:00:14,4.09,"('Day & Night', '1401 W Inyo Ave & S West St')",Tulare,"('Buddy_mxv261j1', ' 10 hours ago')"
2024-06-10 17:00:14,4.09,"('Quick N Save', '1780 N Beale Rd & Wiget Ave')",Linda,"('yclookout', ' 12 hours ago')"
2024-06-10 17:00:14,4.13,"('American Gas', '9111 Citrus Ave & Fontana Ave')",Fontana,"('xheena', ' 5 hours ago')"
2024-06-10 17:00:14,4.14,"('Vons', '1604 Foothill Blvd & The Commons at La Verne')",La Verne,"('nnaccara123', ' 5 hours ago')"
2024-06-10 17:00:14,4.14,"('Sinclair', '1101 W Commonwealth Ave & N Orange Ave')",Fullerton,"('mse777', ' 6 hours ago')"
2024-06-10 17:00:14,4.15,"('FUEL UP!', '1124 E Chapman Ave & Raymond Ave')",Fullerton,"('Owner', ' 1 hour ago')"
2024-06-10 17:00:14,4.15,"('FUEL UP!', '16090 Arrow Blvd & Citrus Ave')",Fontana,"('Owner', ' 1 hour ago')"
2024-06-10 17:00:14,6.89,"('Chevron', '200 CA-62 & US-95')",Vidal Junction,"('Goetzome', ' 1 hour ago')"
2024-06-10 17:00:14,6.79,"('Shell', '453 Main St & Twin Lakes Rd')",Bridgeport,"('Buddy_8p6y3kah', ' 23 hours ago')"
2024-06-10 17:00:14,6.75,"('Valero', '377 Main St near Twin Lakes Rd')",Bridgeport,"('visitor', ' 3 hours ago')"
2024-06-10 17:00:14,6.74,"('Mobil', '22 Vista Point Dr & Tioga Pass Rd')",Lee Vining,"('tioga1', ' 11 hours ago')"
2024-06-10 17:00:14,6.59,"('Chevron', '12353 Deerfield Dr & Coldstream Rd')",Truckee,"('Owner', ' 6 hours ago')"
2024-06-10 17:00:14,6.49,"('76', '10041 Donner Pass Rd & Bridge St')",Truckee,"('Owner', ' 6 hours ago')"
2024-06-10 17:00:14,6.29,"('Shell', '900 Orange Ave & 9th St')",Coronado,"('phillyeagles1', ' 12 hours ago')"
2024-06-10 17:00:14,6.27,"('Chevron', '605 Bell St & Augusta St')",Los Alamos,"('smpeon', ' 31 hours ago')"
2024-06-10 17:00:14,6.27,"('Chevron', '2194 Main St & Burton Dr')",Cambria,"('NotreDameCoach', ' 18 hours ago')"
2024-06-10 17:00:14,6.25,"('Shell', '589 Main St & Kent St')",Cambria,"('NotreDameCoach', ' 18 hours ago')"
2024-06-10 17:00:14,6.19,"('Chevron', '800 5th St & Herold Pkwy')",Gonzales,"('rendahdz', ' 12 hours ago')"
2024-06-10 17:00:14,6.19,"('ARCO', '501 Telegraph Canyon Rd & Halecrest Dr')",Chula Vista,"('#12#_waxbee', ' 8 hours ago')"
2024-06-10 17:00:14,6.19,"('Shell', '860 Redwood Dr & Sprowl Creek Rd')",Garberville,"('DataFeed', ' 5 hours ago')"
2024-06-10 17:00:14,6.19,"('Shell', '27800 Dorris Dr & Carmel Valley Rd')",Carmel Valley,"('DataFeed', ' 5 hours ago')"
2024-06-10 17:00:14,6.19,"('Shell', '600 Redway Dr & Redwood Dr')",Redway,"('DataFeed', ' 5 hours ago')"
last_updated_price,Price,Station,Area,Thanks
2024-06-10 21:00:08,3.79,"('Fastrip', '195 W Hermosa St & N Sweetbriar Ave')",Lindsay,"('dmed', ' 4 hours ago')"
2024-06-10 21:00:08,3.85,"('Valero', '122 W Hermosa St & N Elmwood Ave')",Lindsay,"('dmed', ' 4 hours ago')"
2024-06-10 21:00:08,3.94,"('Diamond Gas & Mart', '4904 Southfront Rd & Southfront Ln')",Livermore,"('louis_deleon', ' 2 hours ago')"
2024-06-10 21:00:08,3.94,"('Foxxy Gasoline', '2620 Old 1st St & Junction Ave')",Livermore,"('destinybp98', ' 2 hours ago')"
2024-06-10 21:00:08,3.99,"('Fastrip', '1687 CA-99 & Spruce St')",Gridley,"('Owner', ' 6 hours ago')"
2024-06-10 21:00:08,4.09,"('Feather Falls Mini Mart', '6032 Lower Wyandotte Rd & Pano Ln')",Oroville,"('gogo2014', ' 1 hour ago')"
2024-06-10 21:00:08,4.09,"('Fuel UP!', '4994 E Ashlan Ave & Willow Ave')",Fresno - NE,"('Pink_Buddy', ' 5 hours ago')"
2024-06-10 21:00:08,4.09,"('Star Gas', '43411 Grimmer Blvd & Yellowstone Park Dr')",Fremont,"('Owner', ' 5 hours ago')"
2024-06-10 21:00:08,4.09,"('Day & Night', '1401 W Inyo Ave & S West St')",Tulare,"('Buddy_mxv261j1', ' 14 hours ago')"
2024-06-10 21:00:08,4.09,"('Quick N Save', '1780 N Beale Rd & Wiget Ave')",Linda,"('yclookout', ' 16 hours ago')"
2024-06-10 21:00:08,4.13,"('American Gas', '9111 Citrus Ave & Fontana Ave')",Fontana,"('xheena', ' 9 hours ago')"
2024-06-10 21:00:08,4.14,"('Vons', '1604 Foothill Blvd & The Commons at La Verne')",La Verne,"('nnaccara123', ' 9 hours ago')"
2024-06-10 21:00:08,4.14,"('Sinclair', '1101 W Commonwealth Ave & N Orange Ave')",Fullerton,"('mse777', ' 10 hours ago')"
2024-06-10 21:00:08,4.15,"('FUEL UP!', '1124 E Chapman Ave & Raymond Ave')",Fullerton,"('NKOTB714', ' 2 hours ago')"
2024-06-10 21:00:08,4.15,"('FUEL UP!', '16090 Arrow Blvd & Citrus Ave')",Fontana,"('Owner', ' 6 hours ago')"
2024-06-10 21:00:08,7.23,"('Chevron', '51557 US-395 & 1st St')",Lee Vining,"('lostsoul', ' 5 hours ago')"
2024-06-10 21:00:08,6.89,"('Chevron', '200 CA-62 & US-95')",Vidal Junction,"('Goetzome', ' 5 hours ago')"
2024-06-10 21:00:08,6.79,"('Shell', '453 Main St & Twin Lakes Rd')",Bridgeport,"('Buddy_8p6y3kah', ' 27 hours ago')"
2024-06-10 21:00:08,6.75,"('Valero', '377 Main St near Twin Lakes Rd')",Bridgeport,"('visitor', ' 7 hours ago')"
2024-06-10 21:00:08,6.74,"('Mobil', '22 Vista Point Dr & Tioga Pass Rd')",Lee Vining,"('tioga1', ' 4 hours ago')"
2024-06-10 21:00:08,6.59,"('Chevron', '12353 Deerfield Dr & Coldstream Rd')",Truckee,"('Owner', ' 10 hours ago')"
2024-06-10 21:00:08,6.49,"('76', '10041 Donner Pass Rd & Bridge St')",Truckee,"('Owner', ' 10 hours ago')"
2024-06-10 21:00:08,6.29,"('Shell', '900 Orange Ave & 9th St')",Coronado,"('phillyeagles1', ' 16 hours ago')"
2024-06-10 21:00:08,6.27,"('Chevron', '2194 Main St & Burton Dr')",Cambria,"('NotreDameCoach', ' 22 hours ago')"
2024-06-10 21:00:08,6.25,"('Shell', '589 Main St & Kent St')",Cambria,"('NotreDameCoach', ' 22 hours ago')"
2024-06-10 21:00:08,6.19,"('Chevron', '800 5th St & Herold Pkwy')",Gonzales,"('rendahdz', ' 16 hours ago')"
2024-06-10 21:00:08,6.19,"('ARCO', '501 Telegraph Canyon Rd & Halecrest Dr')",Chula Vista,"('#12#_waxbee', ' 12 hours ago')"
2024-06-10 21:00:08,6.19,"('Shell', '860 Redwood Dr & Sprowl Creek Rd')",Garberville,"('DataFeed', ' 9 hours ago')"
2024-06-10 21:00:08,6.19,"('Shell', '600 Redway Dr & Redwood Dr')",Redway,"('DataFeed', ' 9 hours ago')"
2024-06-10 21:00:08,6.19,"('Shell', '27800 Dorris Dr & Carmel Valley Rd')",Carmel Valley,"('dirttdawg', ' 3 hours ago')"
last_updated_price,Price,Station,Area,Thanks
2024-06-11 12:00:29,3.79,"('Fastrip', '195 W Hermosa St & N Sweetbriar Ave')",Lindsay,"('dmed', ' 19 hours ago')"
2024-06-11 12:00:29,3.85,"('Valero', '122 W Hermosa St & N Elmwood Ave')",Lindsay,"('dmed', ' 19 hours ago')"
2024-06-11 12:00:29,3.94,"('Foxxy Gasoline', '2620 Old 1st St & Junction Ave')",Livermore,"('Pauldtca', ' 1 hour ago')"
2024-06-11 12:00:29,3.94,"('Diamond Gas & Mart', '4904 Southfront Rd & Southfront Ln')",Livermore,"('zaakriaz123', ' 1 hour ago')"
2024-06-11 12:00:29,3.99,"('Fastrip', '1687 CA-99 & Spruce St')",Gridley,"('yellowbee530', ' 6 hours ago')"
2024-06-11 12:00:29,4.09,"('Fuel UP!', '4994 E Ashlan Ave & Willow Ave')",Fresno - NE,"('id620999', ' 1 hour ago')"
2024-06-11 12:00:29,4.09,"('FUEL UP!', '16090 Arrow Blvd & Citrus Ave')",Fontana,"('xheena', ' 1 hour ago')"
2024-06-11 12:00:29,4.09,"('American Gas', '9111 Citrus Ave & Fontana Ave')",Fontana,"('naveed99131296', ' 1 hour ago')"
2024-06-11 12:00:29,4.09,"('FUEL UP!', '1124 E Chapman Ave & Raymond Ave')",Fullerton,"('Owner', ' 1 hour ago')"
2024-06-11 12:00:29,4.09,"('Colima Gas', '18307 Colima Rd & Fullerton Rd')",Rowland Heights,"('Buddy_y9fwpwze', ' 1 hour ago')"
2024-06-11 12:00:29,4.09,"('Star Gas', '43411 Grimmer Blvd & Yellowstone Park Dr')",Fremont,"('Buddy_d44yupw7', ' 3 hours ago')"
2024-06-11 12:00:29,4.09,"('Feather Falls Mini Mart', '6032 Lower Wyandotte Rd & Pano Ln')",Oroville,"('stillonthego', ' 3 hours ago')"
2024-06-11 12:00:29,4.09,"('Quick N Save', '1780 N Beale Rd & Wiget Ave')",Linda,"('yclookout', ' 14 hours ago')"
2024-06-11 12:00:29,4.09,"('Day & Night', '1401 W Inyo Ave & S West St')",Tulare,"('Buddy_mxv261j1', ' 29 hours ago')"
2024-06-11 12:00:29,4.14,"('Sinclair', '1101 W Commonwealth Ave & N Orange Ave')",Fullerton,"('Kristen7xoxo', ' 7 hours ago')"
2024-06-11 12:00:29,7.23,"('Chevron', '51557 US-395 & 1st St')",Lee Vining,"('lostsoul', ' 20 hours ago')"
2024-06-11 12:00:29,6.89,"('Chevron', '200 CA-62 & US-95')",Vidal Junction,"('Goetzome', ' 15 hours ago')"
2024-06-11 12:00:29,6.75,"('Valero', '377 Main St near Twin Lakes Rd')",Bridgeport,"('visitor', ' 22 hours ago')"
2024-06-11 12:00:29,6.74,"('Mobil', '22 Vista Point Dr & Tioga Pass Rd')",Lee Vining,"('tioga1', ' 7 hours ago')"
2024-06-11 12:00:29,6.59,"('Chevron', '12353 Deerfield Dr & Coldstream Rd')",Truckee,"('Owner', ' 25 hours ago')"
2024-06-11 12:00:29,6.49,"('76', '10041 Donner Pass Rd & Bridge St')",Truckee,"('Owner', ' 25 hours ago')"
2024-06-11 12:00:29,6.29,"('Shell', '900 Orange Ave & 9th St')",Coronado,"('phillyeagles1', ' 31 hours ago')"
2024-06-11 12:00:29,6.19,"('Shell', '27800 Dorris Dr & Carmel Valley Rd')",Carmel Valley,"('dirttdawg', ' 18 hours ago')"
2024-06-11 12:00:29,6.19,"('Pine Valley Store', '28820 Old Hwy 80 & Pine Valley Rd')",Pine Valley,"('sdecteacher', ' 16 hours ago')"
2024-06-11 12:00:29,6.19,"('Sinclair', '400 Orange Ave & 4th St')",Coronado,"('tootallscully', ' 11 hours ago')"
2024-06-11 12:00:29,6.19,"('Chevron', '800 5th St & Herold Pkwy')",Gonzales,"('rendahdz', ' 6 hours ago')"
2024-06-11 12:00:29,6.19,"('ARCO', '501 Telegraph Canyon Rd & Halecrest Dr')",Chula Vista,"('#12#_waxbee', ' 5 hours ago')"
2024-06-11 12:00:29,6.19,"('Shell', '600 Redway Dr & Redwood Dr')",Redway,"('lynesque', ' 1 hour ago')"
2024-06-11 12:00:29,6.19,"('Shell', '860 Redwood Dr & Sprowl Creek Rd')",Garberville,"('lynesque', ' 1 hour ago')"
2024-06-11 12:00:29,6.19,"('Chevron', '830 Redwood Dr & Sprowl Creek Rd')",Garberville,"('lynesque', ' 1 hour ago')"
last_updated_price,Price,Station,Area,Thanks
2024-06-11 17:00:11,3.79,"('Fastrip', '195 W Hermosa St & N Sweetbriar Ave')",Lindsay,"('Owner', ' 3 hours ago')"
2024-06-11 17:00:11,3.85,"('Valero', '122 W Hermosa St & N Elmwood Ave')",Lindsay,"('dmed', ' 24 hours ago')"
2024-06-11 17:00:11,3.94,"('Foxxy Gasoline', '2620 Old 1st St & Junction Ave')",Livermore,"('lupsv', ' 3 hours ago')"
2024-06-11 17:00:11,3.94,"('Diamond Gas & Mart', '4904 Southfront Rd & Southfront Ln')",Livermore,"('zaakriaz123', ' 7 hours ago')"
2024-06-11 17:00:11,3.99,"('Fastrip', '1687 CA-99 & Spruce St')",Gridley,"('Owner', ' 3 hours ago')"
2024-06-11 17:00:11,4.05,"('Star Gas', '43411 Grimmer Blvd & Yellowstone Park Dr')",Fremont,"('Owner', ' 1 hour ago')"
2024-06-11 17:00:11,4.09,"('FUEL UP!', '16090 Arrow Blvd & Citrus Ave')",Fontana,"('Owner', ' 1 hour ago')"
2024-06-11 17:00:11,4.09,"('FUEL UP!', '1124 E Chapman Ave & Raymond Ave')",Fullerton,"('Owner', ' 1 hour ago')"
2024-06-11 17:00:11,4.09,"('Fuel UP!', '4994 E Ashlan Ave & Willow Ave')",Fresno - NE,"('Owner', ' 1 hour ago')"
2024-06-11 17:00:11,4.09,"('FUEL UP!', '1021 E Shaw Ave & N First St')",Fresno - NE,"('Owner', ' 1 hour ago')"
2024-06-11 17:00:11,4.09,"('True Turbo Top Tier Gas', '15313 Merrill Ave & Beech Ave')",Fontana,"('Buddy_frp3grzy', ' 2 hours ago')"
2024-06-11 17:00:11,4.09,"('Conserv Fuel', '9142 Citrus Ave & Fontana Ave')",Fontana,"('Chavo9', ' 3 hours ago')"
2024-06-11 17:00:11,4.09,"('American Gas', '9111 Citrus Ave & Fontana Ave')",Fontana,"('Chavo9', ' 3 hours ago')"
2024-06-11 17:00:11,4.09,"('Colima Gas', '18307 Colima Rd & Fullerton Rd')",Rowland Heights,"('Buddy_y9fwpwze', ' 7 hours ago')"
2024-06-11 17:00:11,4.09,"('Feather Falls Mini Mart', '6032 Lower Wyandotte Rd & Pano Ln')",Oroville,"('stillonthego', ' 8 hours ago')"
2024-06-11 17:00:11,7.23,"('Chevron', '51557 US-395 & 1st St')",Lee Vining,"('lostsoul', ' 25 hours ago')"
2024-06-11 17:00:11,6.89,"('Chevron', '200 CA-62 & US-95')",Vidal Junction,"('Goetzome', ' 4 hours ago')"
2024-06-11 17:00:11,6.79,"('Shell', '453 Main St & Twin Lakes Rd')",Bridgeport,"('alexismonroyyy', ' 2 hours ago')"
2024-06-11 17:00:11,6.75,"('Valero', '377 Main St near Twin Lakes Rd')",Bridgeport,"('alexismonroyyy', ' 2 hours ago')"
2024-06-11 17:00:11,6.74,"('Mobil', '22 Vista Point Dr & Tioga Pass Rd')",Lee Vining,"('tioga1', ' 12 hours ago')"
2024-06-11 17:00:11,6.59,"('Shell', '10278 CA-89 S & Deerfield Rd')",Truckee,"('#12#_ccoulson', ' 4 hours ago')"
2024-06-11 17:00:11,6.59,"('Chevron', '12353 Deerfield Dr & Coldstream Rd')",Truckee,"('Owner', ' 4 hours ago')"
2024-06-11 17:00:11,6.59,"('Shell', '12105 Donner Pass Rd & I-80')",Truckee,"('#12#_ccoulson', ' 4 hours ago')"
2024-06-11 17:00:11,6.49,"('76', '10041 Donner Pass Rd & Bridge St')",Truckee,"('Owner', ' 4 hours ago')"
2024-06-11 17:00:11,6.19,"('Shell', '600 Redway Dr & Redwood Dr')",Redway,"('lynesque', ' 7 hours ago')"
2024-06-11 17:00:11,6.19,"('Shell', '860 Redwood Dr & Sprowl Creek Rd')",Garberville,"('lynesque', ' 7 hours ago')"
2024-06-11 17:00:11,6.19,"('ARCO', '501 Telegraph Canyon Rd & Halecrest Dr')",Chula Vista,"('dpcchulavista', ' 4 hours ago')"
2024-06-11 17:00:11,6.19,"('Sinclair', '8070 N Lake Blvd & Secline St')",Kings Beach,"('lyonsdee', ' 2 hours ago')"
2024-06-11 17:00:11,6.19,"('Fast Lane', '11991 CA-267 near Brockway Rd')",Truckee,"('olylady', ' 1 hour ago')"
2024-06-11 17:00:11,6.19,"('Chevron', '830 Redwood Dr & Sprowl Creek Rd')",Garberville,"('lynesque', ' 7 hours ago')"
last_updated_price,Price,Station,Area,Thanks
2024-06-11 21:00:24,3.79,"('Fastrip', '195 W Hermosa St & N Sweetbriar Ave')",Lindsay,"('Owner', ' 7 hours ago')"
2024-06-11 21:00:24,3.85,"('Valero', '122 W Hermosa St & N Elmwood Ave')",Lindsay,"('dmed', ' 28 hours ago')"
2024-06-11 21:00:24,3.94,"('Diamond Gas & Mart', '4904 Southfront Rd & Southfront Ln')",Livermore,"('josephtandrews', ' 1 hour ago')"
2024-06-11 21:00:24,3.94,"('Foxxy Gasoline', '2620 Old 1st St & Junction Ave')",Livermore,"('Cheerfullyyours', ' 2 hours ago')"
2024-06-11 21:00:24,3.99,"('Fastrip', '1687 CA-99 & Spruce St')",Gridley,"('beckmen77', ' 4 hours ago')"
2024-06-11 21:00:24,4.05,"('Star Gas', '43411 Grimmer Blvd & Yellowstone Park Dr')",Fremont,"('Owner', ' 5 hours ago')"
2024-06-11 21:00:24,4.09,"('FUEL UP!', '1021 E Shaw Ave & N First St')",Fresno - NE,"('Hovsep5321', ' 3 hours ago')"
2024-06-11 21:00:24,4.09,"('FUEL UP!', '1124 E Chapman Ave & Raymond Ave')",Fullerton,"('MGMech', ' 4 hours ago')"
2024-06-11 21:00:24,4.09,"('Fuel UP!', '4994 E Ashlan Ave & Willow Ave')",Fresno - NE,"('richee93638', ' 4 hours ago')"
2024-06-11 21:00:24,4.09,"('Quick N Save', '1780 N Beale Rd & Wiget Ave')",Linda,"('yclookout', ' 5 hours ago')"
2024-06-11 21:00:24,4.09,"('FUEL UP!', '16090 Arrow Blvd & Citrus Ave')",Fontana,"('Owner', ' 5 hours ago')"
2024-06-11 21:00:24,4.09,"('True Turbo Top Tier Gas', '15313 Merrill Ave & Beech Ave')",Fontana,"('Buddy_frp3grzy', ' 6 hours ago')"
2024-06-11 21:00:24,4.09,"('Conserv Fuel', '9142 Citrus Ave & Fontana Ave')",Fontana,"('Chavo9', ' 7 hours ago')"
2024-06-11 21:00:24,4.09,"('American Gas', '9111 Citrus Ave & Fontana Ave')",Fontana,"('Chavo9', ' 7 hours ago')"
2024-06-11 21:00:24,4.09,"('Colima Gas', '18307 Colima Rd & Fullerton Rd')",Rowland Heights,"('Buddy_y9fwpwze', ' 11 hours ago')"
2024-06-11 21:00:24,7.23,"('Chevron', '51557 US-395 & 1st St')",Lee Vining,"('lostsoul', ' 29 hours ago')"
2024-06-11 21:00:24,6.89,"('Chevron', '200 CA-62 & US-95')",Vidal Junction,"('Goetzome', ' 8 hours ago')"
2024-06-11 21:00:24,6.79,"('Shell', '453 Main St & Twin Lakes Rd')",Bridgeport,"('alexismonroyyy', ' 6 hours ago')"
2024-06-11 21:00:24,6.75,"('Valero', '377 Main St near Twin Lakes Rd')",Bridgeport,"('alexismonroyyy', ' 6 hours ago')"
2024-06-11 21:00:24,6.74,"('Mobil', '22 Vista Point Dr & Tioga Pass Rd')",Lee Vining,"('tioga1', ' 3 hours ago')"
2024-06-11 21:00:24,6.59,"('Shell', '10278 CA-89 S & Deerfield Rd')",Truckee,"('#12#_ccoulson', ' 8 hours ago')"
2024-06-11 21:00:24,6.59,"('Chevron', '12353 Deerfield Dr & Coldstream Rd')",Truckee,"('Owner', ' 8 hours ago')"
2024-06-11 21:00:24,6.59,"('Shell', '12105 Donner Pass Rd & I-80')",Truckee,"('#12#_ccoulson', ' 8 hours ago')"
2024-06-11 21:00:24,6.49,"('76', '10041 Donner Pass Rd & Bridge St')",Truckee,"('Owner', ' 8 hours ago')"
2024-06-11 21:00:24,6.19,"('ARCO', '501 Telegraph Canyon Rd & Halecrest Dr')",Chula Vista,"('dpcchulavista', ' 8 hours ago')"
2024-06-11 21:00:24,6.19,"('Sinclair', '8070 N Lake Blvd & Secline St')",Kings Beach,"('lyonsdee', ' 6 hours ago')"
2024-06-11 21:00:24,6.19,"('Fast Lane', '11991 CA-267 near Brockway Rd')",Truckee,"('olylady', ' 6 hours ago')"
2024-06-11 21:00:24,6.19,"('Chevron', '3651 Lake Tahoe Blvd & Ski Run Blvd')",South Lake Tahoe,"('lyonsdee', ' 5 hours ago')"
2024-06-11 21:00:24,6.19,"('76', '3275 E Foothill Blvd & Sierra Madre Villa Ave')",Pasadena,"('yellowd100', ' 1 hour ago')"
2024-06-11 21:00:24,6.19,"('Chevron', '800 5th St & Herold Pkwy')",Gonzales,"('rendahdz', ' 1 hour ago')"
last_updated_price,Price,Station,Area,Thanks
2024-06-12 12:00:23,3.79,"('Valero', '122 W Hermosa St & N Elmwood Ave')",Lindsay,"('duffyc93247', ' 2 hours ago')"
2024-06-12 12:00:23,3.79,"('Fastrip', '195 W Hermosa St & N Sweetbriar Ave')",Lindsay,"('Owner', ' 22 hours ago')"
2024-06-12 12:00:23,3.94,"('Foxxy Gasoline', '2620 Old 1st St & Junction Ave')",Livermore,"('Pauldtca', ' 6 hours ago')"
2024-06-12 12:00:23,3.94,"('Diamond Gas & Mart', '4904 Southfront Rd & Southfront Ln')",Livermore,"('ezhillatl', ' 16 hours ago')"
2024-06-12 12:00:23,3.99,"('Fastrip', '1687 CA-99 & Spruce St')",Gridley,"('beckmen77', ' 19 hours ago')"
2024-06-12 12:00:23,4.05,"('Star Gas', '43411 Grimmer Blvd & Yellowstone Park Dr')",Fremont,"('kris95005', ' 1 hour ago')"
2024-06-12 12:00:23,4.09,"('American Gas', '9111 Citrus Ave & Fontana Ave')",Fontana,"('jlpperu', ' 1 hour ago')"
2024-06-12 12:00:23,4.09,"('FUEL UP!', '16090 Arrow Blvd & Citrus Ave')",Fontana,"('jlpperu', ' 1 hour ago')"
2024-06-12 12:00:23,4.09,"('Feather Falls Mini Mart', '6032 Lower Wyandotte Rd & Pano Ln')",Oroville,"('Buddy_rat2jdwv', ' 1 hour ago')"
2024-06-12 12:00:23,4.09,"('Fuel UP!', '4994 E Ashlan Ave & Willow Ave')",Fresno - NE,"('Owner', ' 1 hour ago')"
2024-06-12 12:00:23,4.09,"('FUEL UP!', '1124 E Chapman Ave & Raymond Ave')",Fullerton,"('Owner', ' 1 hour ago')"
2024-06-12 12:00:23,4.09,"('Bonfare', '145 N Santa Cruz Ave & La Loma Ave')",Modesto - Central,"('Buddy_preet', ' 3 hours ago')"
2024-06-12 12:00:23,4.09,"('Colima Gas', '18307 Colima Rd & Fullerton Rd')",Rowland Heights,"('CALALaird', ' 3 hours ago')"
2024-06-12 12:00:23,4.09,"('Fuel Mart', '1020 E Shaw Ave & N First St')",Fresno - NE,"('kailua_boy76', ' 5 hours ago')"
2024-06-12 12:00:23,4.09,"('FUEL UP!', '1021 E Shaw Ave & N First St')",Fresno - NE,"('kailua_boy76', ' 5 hours ago')"
2024-06-12 12:00:23,6.89,"('Chevron', '200 CA-62 & US-95')",Vidal Junction,"('Buddy_zrymr655', ' 5 hours ago')"
2024-06-12 12:00:23,6.79,"('Shell', '453 Main St & Twin Lakes Rd')",Bridgeport,"('alexismonroyyy', ' 21 hours ago')"
2024-06-12 12:00:23,6.75,"('Valero', '377 Main St near Twin Lakes Rd')",Bridgeport,"('alexismonroyyy', ' 21 hours ago')"
2024-06-12 12:00:23,6.74,"('Mobil', '22 Vista Point Dr & Tioga Pass Rd')",Lee Vining,"('tioga1', ' 6 hours ago')"
2024-06-12 12:00:23,6.59,"('Shell', '10278 CA-89 S & Deerfield Rd')",Truckee,"('#12#_ccoulson', ' 23 hours ago')"
2024-06-12 12:00:23,6.59,"('Chevron', '12353 Deerfield Dr & Coldstream Rd')",Truckee,"('Owner', ' 23 hours ago')"
2024-06-12 12:00:23,6.59,"('Shell', '12105 Donner Pass Rd & I-80')",Truckee,"('#12#_ccoulson', ' 23 hours ago')"
2024-06-12 12:00:23,6.49,"('76', '10041 Donner Pass Rd & Bridge St')",Truckee,"('GrHp', ' 4 hours ago')"
2024-06-12 12:00:23,6.39,"('Beacon', '10009 Donner Pass Rd & Bridge St')",Truckee,"('GrHp', ' 4 hours ago')"
2024-06-12 12:00:23,6.19,"('Sinclair', '8070 N Lake Blvd & Secline St')",Kings Beach,"('lyonsdee', ' 21 hours ago')"
2024-06-12 12:00:23,6.19,"('Fast Lane', '11991 CA-267 near Brockway Rd')",Truckee,"('olylady', ' 21 hours ago')"
2024-06-12 12:00:23,6.19,"('Chevron', '3651 Lake Tahoe Blvd & Ski Run Blvd')",South Lake Tahoe,"('lyonsdee', ' 20 hours ago')"
2024-06-12 12:00:23,6.19,"('76', '3275 E Foothill Blvd & Sierra Madre Villa Ave')",Pasadena,"('moto04', ' 13 hours ago')"
2024-06-12 12:00:23,6.19,"('Chevron', '800 5th St & Herold Pkwy')",Gonzales,"('rendahdz', ' 5 hours ago')"
2024-06-12 12:00:23,6.19,"('ARCO', '501 Telegraph Canyon Rd & Halecrest Dr')",Chula Vista,"('#12#_waxbee', ' 5 hours ago')"
last_updated_price,Price,Station,Area,Thanks
2024-06-12 17:00:20,3.75,"('Fastrip', '195 W Hermosa St & N Sweetbriar Ave')",Lindsay,"('Owner', ' 3 hours ago')"
2024-06-12 17:00:20,3.79,"('Valero', '122 W Hermosa St & N Elmwood Ave')",Lindsay,"('duffyc93247', ' 7 hours ago')"
2024-06-12 17:00:20,3.94,"('Foxxy Gasoline', '2620 Old 1st St & Junction Ave')",Livermore,"('Pauldtca', ' 11 hours ago')"
2024-06-12 17:00:20,3.94,"('Diamond Gas & Mart', '4904 Southfront Rd & Southfront Ln')",Livermore,"('ezhillatl', ' 21 hours ago')"
2024-06-12 17:00:20,3.99,"('Fastrip', '1687 CA-99 & Spruce St')",Gridley,"('Owner', ' 3 hours ago')"
2024-06-12 17:00:20,4.05,"('Star Gas', '43411 Grimmer Blvd & Yellowstone Park Dr')",Fremont,"('Katlyra', ' 2 hours ago')"
2024-06-12 17:00:20,4.09,"('FUEL UP!', '16090 Arrow Blvd & Citrus Ave')",Fontana,"('Tacos_Al_Pastor', ' 1 hour ago')"
2024-06-12 17:00:20,4.09,"('Fuel Mart', '1020 E Shaw Ave & N First St')",Fresno - NE,"('kailua_boy76', ' 1 hour ago')"
2024-06-12 17:00:20,4.09,"('FUEL UP!', '1021 E Shaw Ave & N First St')",Fresno - NE,"('kailua_boy76', ' 1 hour ago')"
2024-06-12 17:00:20,4.09,"('Fuel UP!', '4994 E Ashlan Ave & Willow Ave')",Fresno - NE,"('Owner', ' 1 hour ago')"
2024-06-12 17:00:20,4.09,"('FUEL UP!', '1124 E Chapman Ave & Raymond Ave')",Fullerton,"('Owner', ' 1 hour ago')"
2024-06-12 17:00:20,4.09,"('Feather Falls Mini Mart', '6032 Lower Wyandotte Rd & Pano Ln')",Oroville,"('riccn', ' 1 hour ago')"
2024-06-12 17:00:20,4.09,"('Fremont Gas & Food', '43250 Grimmer Blvd & Doane St')",Fremont,"('Katlyra', ' 3 hours ago')"
2024-06-12 17:00:20,4.09,"('Sinclair', '1101 W Commonwealth Ave & N Orange Ave')",Fullerton,"('jknwilson', ' 4 hours ago')"
2024-06-12 17:00:20,4.09,"('Bonfare', '145 N Santa Cruz Ave & La Loma Ave')",Modesto - Central,"('ComputerSavior', ' 4 hours ago')"
2024-06-12 17:00:20,6.89,"('Chevron', '200 CA-62 & US-95')",Vidal Junction,"('Goetzome', ' 4 hours ago')"
2024-06-12 17:00:20,6.79,"('Shell', '453 Main St & Twin Lakes Rd')",Bridgeport,"('alexismonroyyy', ' 26 hours ago')"
2024-06-12 17:00:20,6.75,"('Valero', '377 Main St near Twin Lakes Rd')",Bridgeport,"('alexismonroyyy', ' 26 hours ago')"
2024-06-12 17:00:20,6.74,"('Mobil', '22 Vista Point Dr & Tioga Pass Rd')",Lee Vining,"('tioga1', ' 11 hours ago')"
2024-06-12 17:00:20,6.59,"('Shell', '10278 CA-89 S & Deerfield Rd')",Truckee,"('#12#_ccoulson', ' 28 hours ago')"
2024-06-12 17:00:20,6.59,"('Shell', '12105 Donner Pass Rd & I-80')",Truckee,"('#12#_ccoulson', ' 28 hours ago')"
2024-06-12 17:00:20,6.59,"('Chevron', '12353 Deerfield Dr & Coldstream Rd')",Truckee,"('Owner', ' 4 hours ago')"
2024-06-12 17:00:20,6.49,"('76', '10041 Donner Pass Rd & Bridge St')",Truckee,"('Owner', ' 4 hours ago')"
2024-06-12 17:00:20,6.39,"('Beacon', '10009 Donner Pass Rd & Bridge St')",Truckee,"('GrHp', ' 9 hours ago')"
2024-06-12 17:00:20,6.19,"('Shell', '600 Redway Dr & Redwood Dr')",Redway,"('lynesque', ' 31 hours ago')"
2024-06-12 17:00:20,6.19,"('Chevron', '800 5th St & Herold Pkwy')",Gonzales,"('rendahdz', ' 10 hours ago')"
2024-06-12 17:00:20,6.19,"('ARCO', '501 Telegraph Canyon Rd & Halecrest Dr')",Chula Vista,"('#12#_waxbee', ' 10 hours ago')"
2024-06-12 17:00:20,6.19,"('Chevron', '3651 Lake Tahoe Blvd & Ski Run Blvd')",South Lake Tahoe,"('hooter', ' 4 hours ago')"
2024-06-12 17:00:20,6.19,"('76', '1250 Huntington Dr & Buena Vista St')",Duarte,"('Socalman50', ' 4 hours ago')"
2024-06-12 17:00:20,6.19,"('Shell', '27800 Dorris Dr & Carmel Valley Rd')",Carmel Valley,"('DataFeed', ' 3 hours ago')"
last_updated_price,Price,Station,Area,Thanks
2024-06-12 21:00:14,3.75,"('Fastrip', '195 W Hermosa St & N Sweetbriar Ave')",Lindsay,"('Owner', ' 7 hours ago')"
2024-06-12 21:00:14,3.79,"('Valero', '122 W Hermosa St & N Elmwood Ave')",Lindsay,"('duffyc93247', ' 11 hours ago')"
2024-06-12 21:00:14,3.94,"('Foxxy Gasoline', '2620 Old 1st St & Junction Ave')",Livermore,"('watanukil', ' 1 hour ago')"
2024-06-12 21:00:14,3.94,"('Diamond Gas & Mart', '4904 Southfront Rd & Southfront Ln')",Livermore,"('ezhillatl', ' 25 hours ago')"
2024-06-12 21:00:14,3.99,"('Fastrip', '1687 CA-99 & Spruce St')",Gridley,"('Owner', ' 7 hours ago')"
2024-06-12 21:00:14,4.05,"('Star Gas', '43411 Grimmer Blvd & Yellowstone Park Dr')",Fremont,"('Mapleteal', ' 1 hour ago')"
2024-06-12 21:00:14,4.09,"('Bonfare', '145 N Santa Cruz Ave & La Loma Ave')",Modesto - Central,"('Buddy_preet', ' 3 hours ago')"
2024-06-12 21:00:14,4.09,"('Fremont Gas & Food', '43250 Grimmer Blvd & Doane St')",Fremont,"('Buddy_e7ncmcnn', ' 3 hours ago')"
2024-06-12 21:00:14,4.09,"('True Turbo Top Tier Gas', '15313 Merrill Ave & Beech Ave')",Fontana,"('blueberries7777', ' 4 hours ago')"
2024-06-12 21:00:14,4.09,"('American Gas', '9111 Citrus Ave & Fontana Ave')",Fontana,"('fjvega219', ' 4 hours ago')"
2024-06-12 21:00:14,4.09,"('Conserv Fuel', '9142 Citrus Ave & Fontana Ave')",Fontana,"('zicatb1', ' 4 hours ago')"
2024-06-12 21:00:14,4.09,"('FUEL UP!', '16090 Arrow Blvd & Citrus Ave')",Fontana,"('Tacos_Al_Pastor', ' 5 hours ago')"
2024-06-12 21:00:14,4.09,"('Fuel Mart', '1020 E Shaw Ave & N First St')",Fresno - NE,"('kailua_boy76', ' 5 hours ago')"
2024-06-12 21:00:14,4.09,"('FUEL UP!', '1021 E Shaw Ave & N First St')",Fresno - NE,"('kailua_boy76', ' 5 hours ago')"
2024-06-12 21:00:14,4.09,"('Fuel UP!', '4994 E Ashlan Ave & Willow Ave')",Fresno - NE,"('Owner', ' 5 hours ago')"
2024-06-12 21:00:14,6.89,"('Chevron', '200 CA-62 & US-95')",Vidal Junction,"('Goetzome', ' 8 hours ago')"
2024-06-12 21:00:14,6.79,"('Shell', '453 Main St & Twin Lakes Rd')",Bridgeport,"('alexismonroyyy', ' 30 hours ago')"
2024-06-12 21:00:14,6.75,"('Valero', '377 Main St near Twin Lakes Rd')",Bridgeport,"('alexismonroyyy', ' 30 hours ago')"
2024-06-12 21:00:14,6.74,"('Mobil', '22 Vista Point Dr & Tioga Pass Rd')",Lee Vining,"('tioga1', ' 2 hours ago')"
2024-06-12 21:00:14,6.59,"('Shell', '10278 CA-89 S & Deerfield Rd')",Truckee,"('#12#_ccoulson', ' 32 hours ago')"
2024-06-12 21:00:14,6.59,"('Shell', '12105 Donner Pass Rd & I-80')",Truckee,"('#12#_ccoulson', ' 32 hours ago')"
2024-06-12 21:00:14,6.59,"('Chevron', '12353 Deerfield Dr & Coldstream Rd')",Truckee,"('Owner', ' 8 hours ago')"
2024-06-12 21:00:14,6.49,"('76', '10041 Donner Pass Rd & Bridge St')",Truckee,"('Owner', ' 8 hours ago')"
2024-06-12 21:00:14,6.39,"('Beacon', '10009 Donner Pass Rd & Bridge St')",Truckee,"('GrHp', ' 13 hours ago')"
2024-06-12 21:00:14,6.19,"('Chevron', '3651 Lake Tahoe Blvd & Ski Run Blvd')",South Lake Tahoe,"('hooter', ' 8 hours ago')"
2024-06-12 21:00:14,6.19,"('76', '1250 Huntington Dr & Buena Vista St')",Duarte,"('Socalman50', ' 8 hours ago')"
2024-06-12 21:00:14,6.19,"('Shell', '27800 Dorris Dr & Carmel Valley Rd')",Carmel Valley,"('DataFeed', ' 7 hours ago')"
2024-06-12 21:00:14,6.19,"('ARCO', '501 Telegraph Canyon Rd & Halecrest Dr')",Chula Vista,"('dpcchulavista', ' 5 hours ago')"
2024-06-12 21:00:14,6.19,"('Shell', '860 Redwood Dr & Sprowl Creek Rd')",Garberville,"('DataFeed', ' 3 hours ago')"
2024-06-12 21:00:14,6.19,"('Shell', '600 Redway Dr & Redwood Dr')",Redway,"('DataFeed', ' 3 hours ago')"
